film,year,speaker,type,line_no,record_no,rel_position,word_count,char_count,line,sent_negative,sent_neutral,sent_positive,sent_label,sent_score,emo_anger,emo_disgust,emo_fear,emo_joy,emo_neutral,emo_sadness,emo_surprise,emo_label,emo_score,vader_compound,vader_label
Taxi Driver,1976,TRAVIS,dialogue,1,3,0.003636364,2,7,,0.9952,0.0042,0.0006,negative,0.9952,0.2125,0.2093,0.0856,0.0056,0.3635,0.1014,0.0222,neutral,0.3635,-0.296,negative
Taxi Driver,1976,TRAVIS,dialogue,2,5,0.007272727,1,4,,0.0002,0.9957,0.004,neutral,0.9957,0.0207,0.0233,0.0117,0.0836,0.8396,0.0094,0.0115,neutral,0.8396,0.4019,positive
Taxi Driver,1976,TRAVIS,dialogue,3,7,0.010909091,4,21,,0.9987,0.0009,0.0004,negative,0.9987,0.0133,0.0038,0.029,0.0018,0.0229,0.9194,0.0099,sadness,0.9194,0,neutral
Taxi Driver,1976,TRAVIS,dialogue,4,9,0.014545455,5,21,,0.0002,0.9987,0.001,neutral,0.9987,0.0043,0.0141,0.0037,0.0136,0.9314,0.0062,0.0268,neutral,0.9314,0,neutral
Taxi Driver,1976,TRAVIS,dialogue,5,11,0.018181818,18,97,,0.0005,0.9978,0.0017,neutral,0.9978,0.008,0.0125,0.0275,0.0075,0.8849,0.0191,0.0405,neutral,0.8849,0.2732,positive
Taxi Driver,1976,TRAVIS,dialogue,6,13,0.021818182,13,71,,0.0026,0.9969,0.0005,neutral,0.9969,0.1173,0.0298,0.2933,0.0243,0.1588,0.0271,0.3494,surprise,0.3494,0,neutral
Taxi Driver,1976,TRAVIS,dialogue,7,15,0.025454545,10,54,,0.0008,0.9918,0.0075,neutral,0.9918,0.0231,0.0183,0.0107,0.033,0.8855,0.0209,0.0085,neutral,0.8855,0,neutral
Taxi Driver,1976,TRAVIS,dialogue,8,17,0.029090909,8,45,,0.4502,0.1795,0.3704,negative,0.4502,0.1226,0.3744,0.0059,0.0395,0.4305,0.0164,0.0106,neutral,0.4305,0.7964,positive
Taxi Driver,1976,TRAVIS,dialogue,9,19,0.032727273,6,31,,0.4904,0.5054,0.0042,neutral,0.5054,0.0262,0.0379,0.0251,0.0062,0.0656,0.8043,0.0347,sadness,0.8043,-0.0772,negative
Taxi Driver,1976,TRAVIS,dialogue,10,21,0.036363636,2,11,,0.0142,0.98,0.0058,neutral,0.98,0.0254,0.1673,0.0018,0.123,0.6176,0.0309,0.034,neutral,0.6176,0.4019,positive
Taxi Driver,1976,TRAVIS,dialogue,11,25,0.04,4,21,,0.0005,0.9988,0.0007,neutral,0.9988,0.0072,0.0179,0.002,0.0035,0.9424,0.0054,0.0217,neutral,0.9424,0,neutral
Taxi Driver,1976,TRAVIS,dialogue,12,27,0.043636364,4,30,,0.0102,0.9869,0.0029,neutral,0.9869,0.0279,0.0261,0.0108,0.0862,0.7347,0.0941,0.0203,neutral,0.7347,0.5423,positive
Taxi Driver,1976,TRAVIS,dialogue,13,29,0.047272727,5,23,,0.9983,0.0014,0.0004,negative,0.9983,0.0159,0.0204,0.0121,0.0213,0.866,0.0459,0.0185,neutral,0.866,0.0772,positive
Taxi Driver,1976,TRAVIS,dialogue,14,31,0.050909091,3,10,,0.0004,0.9991,0.0006,neutral,0.9991,0.0098,0.013,0.0023,0.0168,0.8373,0.0135,0.1073,neutral,0.8373,0,neutral
Taxi Driver,1976,TRAVIS,dialogue,15,33,0.054545455,1,3,,0.9983,0.0013,0.0004,negative,0.9983,0.1665,0.189,0.128,0.0106,0.4044,0.09,0.0114,neutral,0.4044,0,neutral
Taxi Driver,1976,TRAVIS,dialogue,16,35,0.058181818,2,9,,0.0007,0.9972,0.0021,neutral,0.9972,0.059,0.0521,0.0174,0.0345,0.8101,0.0127,0.0142,neutral,0.8101,0.4019,positive
Taxi Driver,1976,TRAVIS,voice_over,17,36,0.061818182,19,101,,0.0206,0.4833,0.4961,positive,0.4961,0.008,0.0152,0.0027,0.5926,0.209,0.0686,0.1039,joy,0.5926,0.5574,positive
Taxi Driver,1976,TRAVIS,voice_over,18,37,0.065454545,22,118,,0.0004,0.9983,0.0014,neutral,0.9983,0.0094,0.0091,0.0112,0.0085,0.7729,0.0919,0.097,neutral,0.7729,0,neutral
Taxi Driver,1976,TRAVIS,voice_over,19,38,0.069090909,21,97,,0.0003,0.9982,0.0015,neutral,0.9982,0.0277,0.0134,0.0074,0.0313,0.8245,0.0651,0.0306,neutral,0.8245,0,neutral
Taxi Driver,1976,TRAVIS,dialogue,20,40,0.072727273,5,26,,0.0005,0.9991,0.0003,neutral,0.9991,0.2223,0.0561,0.0407,0.0047,0.1893,0.0365,0.4504,surprise,0.4504,0,neutral
Taxi Driver,1976,TRAVIS,dialogue,21,42,0.076363636,7,37,,0.0006,0.9988,0.0007,neutral,0.9988,0.0066,0.0089,0.0023,0.0101,0.9194,0.0062,0.0464,neutral,0.9194,0.4404,positive
Taxi Driver,1976,TRAVIS,dialogue,22,44,0.08,5,29,,0.0003,0.9992,0.0005,neutral,0.9992,0.1988,0.0578,0.056,0.0022,0.508,0.075,0.1022,neutral,0.508,0,neutral
Taxi Driver,1976,TRAVIS,dialogue,23,46,0.083636364,1,3,,0.9983,0.0013,0.0004,negative,0.9983,0.1665,0.189,0.128,0.0106,0.4044,0.09,0.0114,neutral,0.4044,0,neutral
Taxi Driver,1976,TRAVIS,voice_over,24,49,0.087272727,17,79,,0.0007,0.9986,0.0007,neutral,0.9986,0.1044,0.0519,0.0397,0.0067,0.6501,0.0749,0.0723,neutral,0.6501,0.2235,positive
Taxi Driver,1976,TRAVIS,voice_over,25,50,0.090909091,12,63,,0.9926,0.0064,0.0011,negative,0.9926,0.6725,0.2396,0.0111,0.0012,0.0459,0.0222,0.0075,anger,0.6725,-0.5736,negative
Taxi Driver,1976,TRAVIS,voice_over,26,53,0.094545455,35,211,,0.9985,0.0012,0.0003,negative,0.9985,0.0408,0.9219,0.0094,0.0006,0.0187,0.0072,0.0014,disgust,0.9219,-0.8074,negative
Taxi Driver,1976,TRAVIS,voice_over,27,54,0.098181818,27,125,,0.0024,0.9968,0.0007,neutral,0.9968,0.0155,0.9713,0.0016,0.0005,0.0072,0.0029,0.001,disgust,0.9713,0.6597,positive
Taxi Driver,1976,TRAVIS,dialogue,28,58,0.1018181818181818,8,37,,0.0002,0.9991,0.0007,neutral,0.9991,0.089,0.0215,0.0215,0.009,0.5317,0.0233,0.304,neutral,0.5317,0,neutral
Taxi Driver,1976,TRAVIS,dialogue,29,60,0.1054545454545454,4,26,,0.002,0.9974,0.0007,neutral,0.9974,0.0152,0.0101,0.0214,0.006,0.0624,0.8478,0.037,sadness,0.8478,-0.0772,negative
Taxi Driver,1976,TRAVIS,dialogue,30,64,0.109090909,2,12,,0.0012,0.9597,0.0391,neutral,0.9597,0.0441,0.055,0.0046,0.0344,0.8496,0.0068,0.0055,neutral,0.8496,0.2023,positive
Taxi Driver,1976,TRAVIS,voice_over,31,67,0.1127272727272727,18,90,,0.9795,0.0197,0.0008,negative,0.9795,0.0222,0.008,0.0237,0.0033,0.0611,0.8378,0.0439,sadness,0.8378,0,neutral
Taxi Driver,1976,TRAVIS,voice_over,32,100,0.1163636363636363,36,189,,0.0275,0.972,0.0005,neutral,0.972,0.0263,0.0696,0.0611,0.0221,0.2263,0.5848,0.0097,sadness,0.5848,0.6059,positive
Taxi Driver,1976,TRAVIS,voice_over,33,101,0.12,24,137,,0.0003,0.9984,0.0014,neutral,0.9984,0.007,0.078,0.0472,0.0371,0.6755,0.0131,0.1422,neutral,0.6755,0,neutral
Taxi Driver,1976,TRAVIS,voice_over,34,102,0.1236363636363636,22,112,,0.9872,0.0122,0.0006,negative,0.9872,0.0287,0.9552,0.003,0.0005,0.0075,0.0037,0.0014,disgust,0.9552,0.128,positive
Taxi Driver,1976,TRAVIS,dialogue,35,107,0.1272727272727272,2,11,,0.0013,0.992,0.0067,neutral,0.992,0.0062,0.0035,0.0037,0.2253,0.7037,0.0038,0.0539,neutral,0.7037,0,neutral
Taxi Driver,1976,TRAVIS,dialogue,36,119,0.1309090909090909,14,67,,0.0005,0.9977,0.0018,neutral,0.9977,0.0074,0.0042,0.0019,0.0263,0.5274,0.0529,0.3799,neutral,0.5274,-0.2732,negative
Taxi Driver,1976,TRAVIS,dialogue,37,132,0.1345454545454545,15,71,,0.9963,0.0033,0.0004,negative,0.9963,0.0276,0.0099,0.0067,0.0184,0.1111,0.5118,0.3144,sadness,0.5118,-0.2732,negative
Taxi Driver,1976,TRAVIS,dialogue,38,134,0.1381818181818181,10,49,,0.9992,0.0005,0.0003,negative,0.9992,0.5785,0.3252,0.004,0.0086,0.051,0.0105,0.0221,anger,0.5785,-0.8316,negative
Taxi Driver,1976,TRAVIS,dialogue,39,136,0.1418181818181818,4,21,,0.0005,0.9984,0.0011,neutral,0.9984,0.0068,0.0137,0.9592,0.0006,0.0063,0.0065,0.0069,fear,0.9592,0,neutral
Taxi Driver,1976,TRAVIS,dialogue,40,139,0.1454545454545454,1,4,,0.0003,0.9991,0.0006,neutral,0.9991,0.0323,0.022,0.0103,0.0034,0.0664,0.0038,0.8618,surprise,0.8618,0,neutral
Taxi Driver,1976,TRAVIS,dialogue,41,141,0.149090909,2,7,,0.0003,0.9987,0.001,neutral,0.9987,0.0297,0.008,0.0095,0.0453,0.8498,0.0127,0.0449,neutral,0.8498,0,neutral
Taxi Driver,1976,TRAVIS,dialogue,42,143,0.1527272727272727,4,19,,0.0005,0.9989,0.0006,neutral,0.9989,0.0188,0.1743,0.0357,0.0031,0.6637,0.0529,0.0515,neutral,0.6637,-0.1027,negative
Taxi Driver,1976,TRAVIS,dialogue,43,177,0.1563636363636363,4,20,,0.0009,0.9965,0.0027,neutral,0.9965,0.0184,0.0355,0.0228,0.3824,0.4509,0.082,0.008,neutral,0.4509,0.0772,positive
Taxi Driver,1976,TRAVIS,dialogue,44,179,0.16,7,31,,0.997,0.0027,0.0003,negative,0.997,0.0426,0.0509,0.051,0.0579,0.6992,0.0843,0.0141,neutral,0.6992,0.0772,positive
Taxi Driver,1976,TRAVIS,dialogue,45,182,0.1636363636363636,11,58,,0.0002,0.0002,0.9996,positive,0.9996,0.0046,0.0164,0.0079,0.8328,0.1038,0.004,0.0306,joy,0.8328,0.6361,positive
Taxi Driver,1976,TRAVIS,dialogue,46,184,0.1672727272727272,2,8,,0.0002,0.9993,0.0005,neutral,0.9993,0.0343,0.0191,0.0119,0.0049,0.0516,0.0056,0.8726,surprise,0.8726,0,neutral
Taxi Driver,1976,TRAVIS,dialogue,47,186,0.1709090909090909,12,64,,0.0001,0.0002,0.9996,positive,0.9996,0.0092,0.0217,0.0096,0.7231,0.2111,0.0039,0.0214,joy,0.7231,0.9169,positive
Taxi Driver,1976,TRAVIS,dialogue,48,188,0.1745454545454545,2,9,,0.0003,0.9964,0.0033,neutral,0.9964,0.0345,0.0336,0.0159,0.0642,0.8119,0.0222,0.0178,neutral,0.8119,0.4019,positive
Taxi Driver,1976,TRAVIS,dialogue,49,190,0.1781818181818182,34,172,,0.3032,0.6842,0.0126,neutral,0.6842,0.3759,0.1182,0.0173,0.0339,0.421,0.0264,0.0074,neutral,0.421,0.3612,positive
Taxi Driver,1976,TRAVIS,dialogue,50,192,0.1818181818181818,10,49,,0.0002,0.0003,0.9995,positive,0.9995,0.0117,0.0103,0.0054,0.1502,0.7923,0.0157,0.0144,neutral,0.7923,0.7003,positive
Taxi Driver,1976,TRAVIS,dialogue,51,194,0.1854545454545454,10,48,,0.0004,0.9988,0.0008,neutral,0.9988,0.0233,0.0329,0.0103,0.0243,0.8718,0.0296,0.0076,neutral,0.8718,0,neutral
Taxi Driver,1976,TRAVIS,dialogue,52,196,0.1890909090909091,9,41,,0.0003,0.9987,0.001,neutral,0.9987,0.0077,0.0076,0.953,0.0007,0.018,0.0059,0.0071,fear,0.953,0.2732,positive
Taxi Driver,1976,TRAVIS,dialogue,53,198,0.1927272727272727,21,99,,0.0044,0.1508,0.8448,positive,0.8448,0.0023,0.0032,0.0005,0.9085,0.0625,0.0082,0.0148,joy,0.9085,0.4404,positive
Taxi Driver,1976,TRAVIS,dialogue,54,200,0.1963636363636363,49,238,,0.0009,0.9975,0.0017,neutral,0.9975,0.0206,0.0303,0.0211,0.0166,0.675,0.2137,0.0228,neutral,0.675,0.7184,positive
Taxi Driver,1976,TRAVIS,dialogue,55,202,0.2,18,97,,0.0011,0.9969,0.0019,neutral,0.9969,0.0386,0.011,0.1251,0.0264,0.7423,0.0207,0.0358,neutral,0.7423,0.3818,positive
Taxi Driver,1976,TRAVIS,dialogue,56,204,0.2036363636363636,16,93,,0.0003,0.9973,0.0024,neutral,0.9973,0.0044,0.0033,0.0037,0.2787,0.6124,0.0332,0.0643,neutral,0.6124,0.4019,positive
Taxi Driver,1976,TRAVIS,dialogue,57,206,0.2072727272727272,4,18,,0.0002,0.9983,0.0014,neutral,0.9983,0.0345,0.0174,0.0112,0.0078,0.8462,0.0463,0.0366,neutral,0.8462,0,neutral
Taxi Driver,1976,TRAVIS,voice_over,58,209,0.2109090909090909,16,88,,0.0003,0.999,0.0007,neutral,0.999,0.0033,0.007,0.0075,0.0177,0.8903,0.0221,0.052,neutral,0.8903,0,neutral
Taxi Driver,1976,TRAVIS,voice_over,59,210,0.2145454545454545,36,186,,0.0003,0.9867,0.0131,neutral,0.9867,0.0027,0.0058,0.001,0.0919,0.8671,0.0049,0.0266,neutral,0.8671,0.4404,positive
Taxi Driver,1976,TRAVIS,dialogue,60,212,0.2181818181818181,41,224,,0.8815,0.1164,0.002,negative,0.8815,0.0874,0.1224,0.02,0.0086,0.4551,0.2438,0.0627,neutral,0.4551,-0.0516,negative
Taxi Driver,1976,TRAVIS,dialogue,61,214,0.2218181818181818,4,19,,0.0007,0.9984,0.0008,neutral,0.9984,0.0243,0.0082,0.0067,0.1042,0.2029,0.0051,0.6487,surprise,0.6487,0,neutral
Taxi Driver,1976,TRAVIS,dialogue,62,216,0.2254545454545454,9,48,,0.1878,0.8074,0.0048,neutral,0.8074,0.0375,0.5693,0.0114,0.0069,0.2927,0.0615,0.0207,disgust,0.5693,0,neutral
Taxi Driver,1976,TRAVIS,dialogue,63,218,0.2290909090909091,47,235,,0.9565,0.0412,0.0023,negative,0.9565,0.0311,0.0185,0.5093,0.003,0.0761,0.3091,0.0531,fear,0.5093,-0.8136,negative
Taxi Driver,1976,TRAVIS,dialogue,64,220,0.2327272727272727,18,88,,0.001,0.8832,0.1158,neutral,0.8832,0.011,0.027,0.004,0.3781,0.5506,0.0065,0.0227,neutral,0.5506,0.7351,positive
Taxi Driver,1976,TRAVIS,dialogue,65,222,0.2363636363636363,12,63,,0.059,0.94,0.001,neutral,0.94,0.0288,0.1192,0.0506,0.0044,0.1616,0.6027,0.0327,sadness,0.6027,-0.6486,negative
Taxi Driver,1976,TRAVIS,dialogue,66,224,0.24,21,111,,0.6825,0.3158,0.0018,negative,0.6825,0.0275,0.0876,0.049,0.0031,0.213,0.0984,0.5213,surprise,0.5213,0,neutral
Taxi Driver,1976,TRAVIS,dialogue,67,226,0.2436363636363636,28,126,,0.9976,0.002,0.0003,negative,0.9976,0.2539,0.0962,0.0558,0.0055,0.3022,0.1817,0.1047,neutral,0.3022,0,neutral
Taxi Driver,1976,TRAVIS,dialogue,68,228,0.2472727272727272,15,74,,0.0111,0.9853,0.0036,neutral,0.9853,0.0107,0.7666,0.0991,0.0062,0.0477,0.0133,0.0564,disgust,0.7666,-0.3612,negative
Taxi Driver,1976,TRAVIS,dialogue,69,230,0.2509090909090909,28,126,,0.0031,0.9932,0.0037,neutral,0.9932,0.0038,0.0126,0.0459,0.1075,0.0953,0.0122,0.7227,surprise,0.7227,0,neutral
Taxi Driver,1976,TRAVIS,dialogue,70,231,0.2545454545454545,48,261,,0.9987,0.001,0.0002,negative,0.9987,0.183,0.7324,0.004,0.0037,0.0693,0.0046,0.003,disgust,0.7324,0.4215,positive
Taxi Driver,1976,TRAVIS,dialogue,71,233,0.2581818181818182,8,35,,0.015,0.984,0.0011,neutral,0.984,0.0251,0.0076,0.0159,0.0093,0.8291,0.06,0.053,neutral,0.8291,0,neutral
Taxi Driver,1976,TRAVIS,dialogue,72,235,0.2618181818181818,8,42,,0.0004,0.9976,0.0019,neutral,0.9976,0.0166,0.0291,0.4432,0.003,0.4155,0.0429,0.0497,fear,0.4432,0,neutral
Taxi Driver,1976,TRAVIS,dialogue,73,237,0.2654545454545454,15,69,,0.0004,0.9987,0.0009,neutral,0.9987,0.0136,0.0094,0.0024,0.0119,0.896,0.0086,0.0582,neutral,0.896,0,neutral
Taxi Driver,1976,TRAVIS,dialogue,74,239,0.2690909090909091,19,80,,0.4084,0.5893,0.0023,neutral,0.5893,0.1221,0.0623,0.0512,0.0057,0.5594,0.1284,0.071,neutral,0.5594,0.2584,positive
Taxi Driver,1976,TRAVIS,dialogue,75,241,0.2727272727272727,32,152,,0.999,0.0007,0.0003,negative,0.999,0.2311,0.7181,0.0121,0.001,0.0197,0.0148,0.0032,disgust,0.7181,-0.3716,negative
Taxi Driver,1976,TRAVIS,dialogue,76,243,0.2763636363636363,30,154,,0.0005,0.9985,0.0009,neutral,0.9985,0.0068,0.0107,0.0021,0.0052,0.0435,0.0028,0.9289,surprise,0.9289,0.2263,positive
Taxi Driver,1976,TRAVIS,dialogue,77,245,0.28,48,231,,0.0002,0.9984,0.0014,neutral,0.9984,0.0102,0.0223,0.0019,0.0132,0.9034,0.0071,0.0419,neutral,0.9034,0,neutral
Taxi Driver,1976,TRAVIS,dialogue,78,247,0.2836363636363636,49,259,,0.0012,0.9979,0.0009,neutral,0.9979,0.023,0.0141,0.0678,0.015,0.6733,0.026,0.1809,neutral,0.6733,0.2556,positive
Taxi Driver,1976,TRAVIS,dialogue,79,249,0.2872727272727273,25,134,,0.0008,0.9987,0.0006,neutral,0.9987,0.0235,0.0159,0.0373,0.0048,0.4405,0.4013,0.0766,neutral,0.4405,-0.5267,negative
Taxi Driver,1976,TRAVIS,dialogue,80,251,0.2909090909090909,23,117,,0.0003,0.9988,0.001,neutral,0.9988,0.0049,0.0036,0.0094,0.0111,0.9001,0.0193,0.0515,neutral,0.9001,0,neutral
Taxi Driver,1976,TRAVIS,dialogue,81,253,0.2945454545454545,4,17,,0.0013,0.0136,0.9851,positive,0.9851,0.0283,0.0146,0.004,0.1726,0.6922,0.0406,0.0477,neutral,0.6922,0,neutral
Taxi Driver,1976,TRAVIS,dialogue,82,255,0.2981818181818181,1,5,,0.0044,0.9951,0.0005,neutral,0.9951,0.0153,0.0147,0.0077,0.0047,0.0198,0.0025,0.9353,surprise,0.9353,0,neutral
Taxi Driver,1976,TRAVIS,dialogue,83,257,0.3018181818181818,9,50,,0.6789,0.3186,0.0026,negative,0.6789,0.0798,0.0311,0.026,0.0084,0.823,0.0223,0.0093,neutral,0.823,0.2732,positive
Taxi Driver,1976,TRAVIS,dialogue,84,258,0.3054545454545455,11,66,,0.212,0.7871,0.0009,neutral,0.7871,0.0915,0.0458,0.0063,0.0039,0.7953,0.0161,0.0411,neutral,0.7953,-0.25,negative
Taxi Driver,1976,TRAVIS,dialogue,85,259,0.3090909090909091,5,23,,0.0002,0.999,0.0008,neutral,0.999,0.0518,0.0309,0.0083,0.0056,0.1603,0.0054,0.7379,surprise,0.7379,0,neutral
Taxi Driver,1976,TRAVIS,dialogue,86,261,0.3127272727272727,8,41,,0.0013,0.9981,0.0007,neutral,0.9981,0.0079,0.0485,0.008,0.0132,0.8347,0.0646,0.023,neutral,0.8347,0.5994,positive
Taxi Driver,1976,TRAVIS,voice_over,87,263,0.3163636363636363,59,320,,0.9793,0.0198,0.0008,negative,0.9793,0.108,0.7892,0.0241,0.0018,0.0659,0.0077,0.0033,disgust,0.7892,0.3818,positive
Taxi Driver,1976,TRAVIS,voice_over,88,264,0.32,59,302,,0.0013,0.9977,0.001,neutral,0.9977,0.0546,0.0236,0.0265,0.0125,0.193,0.0439,0.6459,surprise,0.6459,0.1779,positive
Taxi Driver,1976,TRAVIS,dialogue,89,268,0.3236363636363636,7,49,,0.0002,0.9992,0.0006,neutral,0.9992,0.0185,0.0096,0.0091,0.0031,0.1406,0.0044,0.8146,surprise,0.8146,0,neutral
Taxi Driver,1976,TRAVIS,dialogue,90,270,0.3272727272727272,21,112,,0.0067,0.3059,0.6874,positive,0.6874,0.0577,0.0212,0.01,0.049,0.8478,0.0092,0.0052,neutral,0.8478,0.6124,positive
Taxi Driver,1976,TRAVIS,dialogue,91,272,0.3309090909090909,35,169,,0.9942,0.0054,0.0004,negative,0.9942,0.1753,0.0409,0.0474,0.0089,0.4721,0.2197,0.0357,neutral,0.4721,0.4678,positive
Taxi Driver,1976,TRAVIS,dialogue,92,276,0.3345454545454545,10,56,,0.0003,0.9991,0.0006,neutral,0.9991,0.04,0.0661,0.0158,0.0026,0.819,0.0435,0.013,neutral,0.819,0,neutral
Taxi Driver,1976,TRAVIS,dialogue,93,278,0.3381818181818182,27,132,,0.999,0.0006,0.0004,negative,0.999,0.0173,0.9773,0.0007,0.0003,0.0022,0.0019,0.0004,disgust,0.9773,0.743,positive
Taxi Driver,1976,TRAVIS,dialogue,94,279,0.3418181818181818,33,157,,0.9986,0.0011,0.0003,negative,0.9986,0.0446,0.933,0.0013,0.001,0.0139,0.0053,0.0009,disgust,0.933,0.0516,positive
Taxi Driver,1976,TRAVIS,dialogue,95,281,0.3454545454545454,2,14,,0.6468,0.0708,0.2824,negative,0.6468,0.8124,0.0928,0.0055,0.0048,0.0637,0.0117,0.0091,anger,0.8124,-0.2023,negative
Taxi Driver,1976,TRAVIS,dialogue,96,283,0.3490909090909091,8,39,,0.0003,0.0004,0.9993,positive,0.9993,0.0106,0.0119,0.0048,0.1305,0.8165,0.0079,0.0179,neutral,0.8165,0.6597,positive
Taxi Driver,1976,TRAVIS,dialogue,97,285,0.3527272727272727,9,38,,0.0006,0.9978,0.0016,neutral,0.9978,0.3045,0.0826,0.1247,0.0124,0.3194,0.0426,0.1138,neutral,0.3194,0,neutral
Taxi Driver,1976,TRAVIS,dialogue,98,287,0.3563636363636364,14,68,,0.7847,0.2132,0.0021,negative,0.7847,0.0553,0.0494,0.017,0.0112,0.4113,0.3742,0.0816,neutral,0.4113,0.4939,positive
Taxi Driver,1976,TRAVIS,dialogue,99,289,0.36,10,54,,0.0011,0.9984,0.0005,neutral,0.9984,0.0032,0.0129,0.0026,0.0411,0.9051,0.0241,0.0109,neutral,0.9051,0.7003,positive
Taxi Driver,1976,TRAVIS,dialogue,100,291,0.3636363636363636,13,60,,0.0004,0.9993,0.0003,neutral,0.9993,0.0113,0.0054,0.0079,0.0166,0.6019,0.0093,0.3475,neutral,0.6019,0.34,positive
Taxi Driver,1976,TRAVIS,dialogue,101,293,0.3672727272727272,6,29,,0.0005,0.9988,0.0008,neutral,0.9988,0.0051,0.0023,0.0016,0.5204,0.2655,0.021,0.1842,joy,0.5204,0,neutral
Taxi Driver,1976,TRAVIS,dialogue,102,295,0.3709090909090909,24,126,,0.0005,0.9984,0.0011,neutral,0.9984,0.0112,0.0616,0.0027,0.0142,0.8828,0.0112,0.0161,neutral,0.8828,0.6798,positive
Taxi Driver,1976,TRAVIS,dialogue,103,296,0.3745454545454545,1,5,,0.5525,0.0134,0.4341,negative,0.5525,0.4096,0.4074,0.0111,0.0036,0.0458,0.0759,0.0467,anger,0.4096,-0.4019,negative
Taxi Driver,1976,TRAVIS,dialogue,104,298,0.3781818181818182,6,30,,0.8507,0.1459,0.0034,negative,0.8507,0.0372,0.0209,0.0269,0.0101,0.3402,0.4423,0.1224,sadness,0.4423,0,neutral
Taxi Driver,1976,TRAVIS,dialogue,105,299,0.3818181818181818,4,20,,0.0002,0.9991,0.0007,neutral,0.9991,0.278,0.0541,0.0865,0.0098,0.0971,0.02,0.4546,surprise,0.4546,0,neutral
Taxi Driver,1976,TRAVIS,dialogue,106,301,0.3854545454545454,4,17,,0.0002,0.9992,0.0006,neutral,0.9992,0.1122,0.0351,0.0157,0.0068,0.0597,0.0061,0.7644,surprise,0.7644,0,neutral
Taxi Driver,1976,TRAVIS,dialogue,107,303,0.3890909090909091,7,39,,0.0008,0.9986,0.0006,neutral,0.9986,0.0076,0.0573,0.0112,0.0109,0.7792,0.0998,0.034,neutral,0.7792,0.2732,positive
Taxi Driver,1976,TRAVIS,dialogue,108,305,0.3927272727272727,6,29,,0.0015,0.9959,0.0026,neutral,0.9959,0.0249,0.0339,0.0082,0.0203,0.824,0.0069,0.0818,neutral,0.824,0,neutral
Taxi Driver,1976,TRAVIS,dialogue,109,307,0.3963636363636363,2,17,,0.001,0.9976,0.0015,neutral,0.9976,0.0305,0.0796,0.018,0.0439,0.733,0.0486,0.0465,neutral,0.733,0.2732,positive
Taxi Driver,1976,TRAVIS,dialogue,110,309,0.4,17,84,,0.0008,0.9981,0.0011,neutral,0.9981,0.0184,0.0262,0.0056,0.0423,0.8708,0.0212,0.0155,neutral,0.8708,-0.033,neutral
Taxi Driver,1976,TRAVIS,dialogue,111,311,0.4036363636363636,18,96,,0.0002,0.9975,0.0022,neutral,0.9975,0.0041,0.0133,0.0036,0.1189,0.7779,0.0142,0.0681,neutral,0.7779,0.7783,positive
Taxi Driver,1976,TRAVIS,dialogue,112,313,0.4072727272727273,16,79,,0.0058,0.9938,0.0004,neutral,0.9938,0.0306,0.0177,0.005,0.0053,0.119,0.0118,0.8105,surprise,0.8105,-0.0572,negative
Taxi Driver,1976,TRAVIS,dialogue,113,315,0.4109090909090909,1,4,,0.0003,0.9991,0.0006,neutral,0.9991,0.0323,0.022,0.0103,0.0034,0.0664,0.0038,0.8618,surprise,0.8618,0,neutral
Taxi Driver,1976,TRAVIS,dialogue,114,317,0.4145454545454545,2,15,,0.0018,0.9975,0.0007,neutral,0.9975,0.0941,0.046,0.0481,0.0245,0.1359,0.0386,0.6128,surprise,0.6128,0,neutral
Taxi Driver,1976,TRAVIS,dialogue,115,319,0.4181818181818181,4,22,,0.0002,0.9992,0.0006,neutral,0.9992,0.0426,0.0235,0.0132,0.0092,0.5357,0.0195,0.3563,neutral,0.5357,0,neutral
Taxi Driver,1976,TRAVIS,dialogue,116,321,0.4218181818181818,4,15,,0.0002,0.9992,0.0006,neutral,0.9992,0.0448,0.0142,0.0267,0.0164,0.7699,0.0904,0.0376,neutral,0.7699,0,neutral
Taxi Driver,1976,TRAVIS,dialogue,117,322,0.4254545454545455,7,35,,0.0004,0.9986,0.0009,neutral,0.9986,0.064,0.0724,0.0353,0.0344,0.7477,0.0277,0.0185,neutral,0.7477,0.3182,positive
Taxi Driver,1976,TRAVIS,dialogue,118,325,0.4290909090909091,5,17,,0.013,0.9851,0.0019,neutral,0.9851,0.0125,0.0079,0.0021,0.629,0.0614,0.1447,0.1425,joy,0.629,0,neutral
Taxi Driver,1976,TRAVIS,voice_over,119,326,0.4327272727272727,16,89,,0.0004,0.9985,0.0011,neutral,0.9985,0.0079,0.005,0.0296,0.0718,0.5518,0.0812,0.2527,neutral,0.5518,0,neutral
Taxi Driver,1976,TRAVIS,voice_over,120,327,0.4363636363636363,18,104,,0.0013,0.9979,0.0008,neutral,0.9979,0.0119,0.0046,0.0138,0.0227,0.1213,0.0082,0.8174,surprise,0.8174,0,neutral
Taxi Driver,1976,TRAVIS,voice_over,121,328,0.44,7,34,,0.5223,0.4759,0.0018,negative,0.5223,0.0154,0.0068,0.0191,0.0061,0.1369,0.7672,0.0484,sadness,0.7672,0,neutral
Taxi Driver,1976,TRAVIS,dialogue,122,329,0.4436363636363636,10,55,,0.9979,0.0016,0.0005,negative,0.9979,0.0068,0.0148,0.0075,0.4686,0.1817,0.2643,0.0564,joy,0.4686,0.7987,positive
Taxi Driver,1976,TRAVIS,voice_over,123,330,0.4472727272727272,13,64,,0.9903,0.0094,0.0004,negative,0.9903,0.1651,0.145,0.0818,0.0025,0.3342,0.2342,0.0373,neutral,0.3342,-0.4215,negative
Taxi Driver,1976,TRAVIS,voice_over,124,331,0.4509090909090909,50,259,,0.9989,0.0009,0.0003,negative,0.9989,0.0547,0.6204,0.0144,0.0075,0.0648,0.2304,0.0076,disgust,0.6204,-0.7882,negative
Taxi Driver,1976,TRAVIS,voice_over,125,332,0.4545454545454545,23,116,,0.9987,0.0011,0.0002,negative,0.9987,0.1739,0.3179,0.0173,0.0038,0.3038,0.1126,0.0707,disgust,0.3179,0.7579,positive
Taxi Driver,1976,TRAVIS,dialogue,126,334,0.4581818181818182,3,13,,0.0007,0.9978,0.0015,neutral,0.9978,0.0193,0.0111,0.0119,0.005,0.4673,0.412,0.0735,neutral,0.4673,0,neutral
Taxi Driver,1976,TRAVIS,dialogue,127,336,0.4618181818181818,4,17,,0.004,0.9953,0.0007,neutral,0.9953,0.0375,0.0265,0.0328,0.0052,0.4583,0.3865,0.0532,neutral,0.4583,0,neutral
Taxi Driver,1976,TRAVIS,dialogue,128,338,0.4654545454545454,14,55,,0.0005,0.9982,0.0013,neutral,0.9982,0.0087,0.0117,0.0026,0.0077,0.922,0.0129,0.0343,neutral,0.922,0.5267,positive
Taxi Driver,1976,TRAVIS,voice_over,129,343,0.4690909090909091,1,5,,0.0006,0.9917,0.0077,neutral,0.9917,0.0409,0.1536,0.0101,0.0282,0.7186,0.0335,0.0152,neutral,0.7186,0.296,positive
Taxi Driver,1976,TRAVIS,dialogue,130,345,0.4727272727272727,1,5,,0.0006,0.9917,0.0077,neutral,0.9917,0.0409,0.1536,0.0101,0.0282,0.7186,0.0335,0.0152,neutral,0.7186,0.296,positive
Taxi Driver,1976,TRAVIS,dialogue,131,356,0.4763636363636364,1,6,,0.0002,0.9992,0.0006,neutral,0.9992,0.011,0.0017,0.0073,0.0107,0.3549,0.0078,0.6065,surprise,0.6065,0,neutral
Taxi Driver,1976,TRAVIS,dialogue,132,359,0.48,5,21,,0.0002,0.9992,0.0006,neutral,0.9992,0.0134,0.0051,0.0031,0.011,0.0788,0.0021,0.8865,surprise,0.8865,0,neutral
Taxi Driver,1976,TRAVIS,dialogue,133,361,0.4836363636363636,3,12,,0.002,0.9968,0.0012,neutral,0.9968,0.0042,0.0017,0.0009,0.7565,0.0433,0.0156,0.1778,joy,0.7565,0,neutral
Taxi Driver,1976,TRAVIS,dialogue,134,366,0.4872727272727272,12,55,,0.0004,0.9987,0.0009,neutral,0.9987,0.0748,0.0192,0.0585,0.0107,0.7169,0.0287,0.0911,neutral,0.7169,-0.2732,negative
Taxi Driver,1976,TRAVIS,dialogue,135,368,0.4909090909090909,4,24,,0.0003,0.9992,0.0005,neutral,0.9992,0.0347,0.0167,0.0191,0.0036,0.6233,0.0206,0.282,neutral,0.6233,0,neutral
Taxi Driver,1976,TRAVIS,dialogue,136,370,0.4945454545454545,8,34,,0.0002,0.999,0.0007,neutral,0.999,0.0242,0.0063,0.0317,0.0035,0.7872,0.0128,0.1342,neutral,0.7872,0,neutral
Taxi Driver,1976,TRAVIS,dialogue,137,372,0.4981818181818181,4,21,,0.0169,0.9491,0.034,neutral,0.9491,0.0329,0.043,0.0118,0.0131,0.878,0.0134,0.0078,neutral,0.878,0.1027,positive
Taxi Driver,1976,TRAVIS,dialogue,138,374,0.5018181818181818,6,31,,0.0002,0.9992,0.0006,neutral,0.9992,0.0442,0.0206,0.0312,0.0034,0.6378,0.0227,0.2402,neutral,0.6378,-0.34,negative
Taxi Driver,1976,TRAVIS,dialogue,139,377,0.5054545454545455,1,4,,0.0003,0.9991,0.0006,neutral,0.9991,0.0323,0.022,0.0103,0.0034,0.0664,0.0038,0.8618,surprise,0.8618,0,neutral
Taxi Driver,1976,TRAVIS,dialogue,140,379,0.509090909,10,52,,0.0003,0.9974,0.0023,neutral,0.9974,0.0165,0.0788,0.0236,0.0128,0.7675,0.0664,0.0343,neutral,0.7675,0.296,positive
Taxi Driver,1976,TRAVIS,dialogue,141,381,0.5127272727272727,20,98,,0.5438,0.455,0.0012,negative,0.5438,0.332,0.0404,0.2914,0.005,0.2256,0.0419,0.0636,anger,0.332,-0.34,negative
Taxi Driver,1976,TRAVIS,dialogue,142,384,0.5163636363636364,1,4,,0.0003,0.9991,0.0006,neutral,0.9991,0.0323,0.022,0.0103,0.0034,0.0664,0.0038,0.8618,surprise,0.8618,0,neutral
Taxi Driver,1976,TRAVIS,dialogue,143,386,0.52,4,24,,0.9874,0.0071,0.0055,negative,0.9874,0.0668,0.2835,0.0212,0.0035,0.4781,0.1212,0.0258,neutral,0.4781,-0.3935,negative
Taxi Driver,1976,TRAVIS,voice_over,144,389,0.5236363636363637,29,172,,0.9799,0.0194,0.0007,negative,0.9799,0.0429,0.0562,0.0373,0.0053,0.0773,0.7615,0.0195,sadness,0.7615,-0.4767,negative
Taxi Driver,1976,TRAVIS,voice_over,145,390,0.5272727272727272,9,60,,0.0022,0.9961,0.0017,neutral,0.9961,0.0496,0.0545,0.0187,0.014,0.8461,0.0078,0.0092,neutral,0.8461,0,neutral
Taxi Driver,1976,TRAVIS,voice_over,146,391,0.5309090909090909,17,85,,0.9992,0.0006,0.0003,negative,0.9992,0.4189,0.2513,0.0205,0.0041,0.0415,0.2571,0.0066,anger,0.4189,0.0577,positive
Taxi Driver,1976,TRAVIS,voice_over,147,397,0.5345454545454545,9,41,,0.0007,0.998,0.0013,neutral,0.998,0.0363,0.0284,0.0525,0.0576,0.6171,0.0235,0.1846,neutral,0.6171,0.1779,positive
Taxi Driver,1976,TRAVIS,voice_over,148,398,0.5381818181818182,16,84,,0.5947,0.4031,0.0022,negative,0.5947,0.1066,0.0353,0.0541,0.0129,0.5699,0.1324,0.0887,neutral,0.5699,0.4215,positive
Taxi Driver,1976,TRAVIS,voice_over,149,399,0.5418181818181819,8,40,,0.9987,0.001,0.0003,negative,0.9987,0.6418,0.3014,0.0031,0.0045,0.0401,0.0039,0.0052,anger,0.6418,0,neutral
Taxi Driver,1976,TRAVIS,voice_over,150,400,0.5454545454545454,39,198,,0.9851,0.0146,0.0003,negative,0.9851,0.0912,0.8582,0.0025,0.0017,0.0356,0.0074,0.0033,disgust,0.8582,-0.5994,negative
Taxi Driver,1976,TRAVIS,dialogue,151,401,0.5490909090909091,2,11,,0.0007,0.9938,0.0055,neutral,0.9938,0.0104,0.0072,0.0037,0.4071,0.5068,0.0105,0.0542,neutral,0.5068,0,neutral
Taxi Driver,1976,TRAVIS,dialogue,152,403,0.5527272727272727,2,9,,0.0022,0.0196,0.9783,positive,0.9783,0.0704,0.0129,0.004,0.6475,0.0702,0.006,0.1889,joy,0.6475,0,neutral
Taxi Driver,1976,TRAVIS,dialogue,153,404,0.5563636363636364,17,81,,0.9635,0.0351,0.0013,negative,0.9635,0.1049,0.0696,0.034,0.0057,0.272,0.4702,0.0436,sadness,0.4702,0,neutral
Taxi Driver,1976,TRAVIS,dialogue,154,405,0.56,16,75,,0.0002,0.9987,0.0011,neutral,0.9987,0.7213,0.1779,0.006,0.0025,0.0695,0.0082,0.0146,anger,0.7213,-0.5286,negative
Taxi Driver,1976,TRAVIS,dialogue,155,406,0.5636363636363636,3,13,,0.0002,0.0003,0.9995,positive,0.9995,0.0025,0.0024,0.0015,0.6384,0.2883,0.0164,0.0504,joy,0.6384,0.4404,positive
Taxi Driver,1976,TRAVIS,dialogue,156,409,0.5672727272727273,2,11,,0.8907,0.0042,0.1051,negative,0.8907,0.3842,0.4798,0.0097,0.0029,0.0361,0.0531,0.0343,disgust,0.4798,-0.6597,negative
Taxi Driver,1976,TRAVIS,dialogue,157,427,0.5709090909090909,1,5,,0.0658,0.9268,0.0074,neutral,0.9268,0.0276,0.0366,0.0725,0.0133,0.6242,0.1784,0.0474,neutral,0.6242,0,neutral
Taxi Driver,1976,TRAVIS,dialogue,158,435,0.5745454545454546,10,44,,0.0007,0.9943,0.005,neutral,0.9943,0.0029,0.0028,0.0026,0.265,0.6699,0.0255,0.0313,neutral,0.6699,0,neutral
Taxi Driver,1976,TRAVIS,dialogue,159,437,0.5781818181818181,2,8,,0.0011,0.9872,0.0117,neutral,0.9872,0.0037,0.0025,0.0024,0.3442,0.5823,0.007,0.0579,neutral,0.5823,0,neutral
Taxi Driver,1976,TRAVIS,dialogue,160,438,0.5818181818181818,1,4,,0.0002,0.9993,0.0005,neutral,0.9993,0.0146,0.0052,0.009,0.0146,0.0667,0.0027,0.887,surprise,0.887,0,neutral
Taxi Driver,1976,TRAVIS,dialogue,161,440,0.5854545454545454,9,45,,0.0089,0.9907,0.0004,neutral,0.9907,0.0567,0.1039,0.0662,0.0101,0.51,0.2084,0.0448,neutral,0.51,0,neutral
Taxi Driver,1976,TRAVIS,dialogue,162,442,0.5890909090909091,13,69,,0.0002,0.9988,0.001,neutral,0.9988,0.0067,0.0066,0.0053,0.0187,0.9265,0.0214,0.0148,neutral,0.9265,0,neutral
Taxi Driver,1976,TRAVIS,dialogue,163,444,0.5927272727272728,5,25,,0.0006,0.9984,0.001,neutral,0.9984,0.0466,0.1113,0.0187,0.0232,0.7105,0.059,0.0307,neutral,0.7105,0.2732,positive
Taxi Driver,1976,TRAVIS,dialogue,164,446,0.5963636363636363,2,10,,0.9989,0.0007,0.0005,negative,0.9989,0.0191,0.0273,0.014,0.0263,0.7108,0.1455,0.057,neutral,0.7108,0,neutral
Taxi Driver,1976,TRAVIS,dialogue,165,448,0.6,26,125,,0.0007,0.9957,0.0036,neutral,0.9957,0.0678,0.0282,0.0214,0.3446,0.3945,0.0275,0.116,neutral,0.3945,-0.34,negative
Taxi Driver,1976,TRAVIS,dialogue,166,450,0.6036363636363636,1,5,,0.0006,0.9917,0.0077,neutral,0.9917,0.0409,0.1536,0.0101,0.0282,0.7186,0.0335,0.0152,neutral,0.7186,0.296,positive
Taxi Driver,1976,TRAVIS,dialogue,167,452,0.6072727272727273,5,27,,0.0006,0.9978,0.0015,neutral,0.9978,0.0498,0.0329,0.0099,0.0145,0.8781,0.0047,0.0101,neutral,0.8781,0.3612,positive
Taxi Driver,1976,TRAVIS,dialogue,168,455,0.610909091,10,57,,0.9989,0.0006,0.0004,negative,0.9989,0.1923,0.7793,0.0015,0.0027,0.015,0.0078,0.0016,disgust,0.7793,-0.5106,negative
Taxi Driver,1976,TRAVIS,dialogue,169,457,0.6145454545454545,5,22,,0.0044,0.995,0.0006,neutral,0.995,0.0179,0.0702,0.0124,0.0044,0.8,0.0434,0.0517,neutral,0.8,0,neutral
Taxi Driver,1976,TRAVIS,dialogue,170,461,0.6181818181818182,1,7,,0.0003,0.0009,0.9989,positive,0.9989,0.0042,0.0039,0.0024,0.2421,0.698,0.0136,0.0358,neutral,0.698,0.4404,positive
Taxi Driver,1976,TRAVIS,dialogue,171,468,0.6218181818181818,6,29,,0.0002,0.9993,0.0005,neutral,0.9993,0.014,0.0062,0.0051,0.0094,0.15,0.0023,0.8129,surprise,0.8129,0,neutral
Taxi Driver,1976,TRAVIS,dialogue,172,470,0.6254545454545455,11,64,,0.8738,0.1234,0.0028,negative,0.8738,0.0203,0.0394,0.8592,0.0014,0.0368,0.0143,0.0286,fear,0.8592,-0.3612,negative
Taxi Driver,1976,TRAVIS,dialogue,173,472,0.6290909090909091,18,88,,0.0003,0.999,0.0007,neutral,0.999,0.0243,0.0894,0.0184,0.0028,0.6479,0.0656,0.1516,neutral,0.6479,0,neutral
Taxi Driver,1976,TRAVIS,dialogue,174,473,0.6327272727272727,11,45,,0.0003,0.9992,0.0006,neutral,0.9992,0.0503,0.0263,0.0757,0.0035,0.4226,0.224,0.1976,neutral,0.4226,-0.1027,negative
Taxi Driver,1976,TRAVIS,dialogue,175,475,0.6363636363636364,12,60,,0.0005,0.9926,0.007,neutral,0.9926,0.0047,0.0045,0.01,0.0687,0.7425,0.0091,0.1605,neutral,0.7425,0.4404,positive
Taxi Driver,1976,TRAVIS,dialogue,176,477,0.64,11,48,,0.0004,0.992,0.0076,neutral,0.992,0.007,0.0073,0.024,0.03,0.8779,0.0294,0.0244,neutral,0.8779,0.4404,positive
Taxi Driver,1976,TRAVIS,dialogue,177,479,0.6436363636363637,9,41,,0.0002,0.9993,0.0005,neutral,0.9993,0.0892,0.0297,0.0374,0.0062,0.2024,0.006,0.6291,surprise,0.6291,0,neutral
Taxi Driver,1976,TRAVIS,dialogue,178,481,0.6472727272727272,3,15,,0.0001,0.9992,0.0007,neutral,0.9992,0.0506,0.0248,0.0099,0.0084,0.3787,0.0042,0.5234,surprise,0.5234,0,neutral
Taxi Driver,1976,TRAVIS,dialogue,179,483,0.6509090909090909,27,142,,0.0002,0.9991,0.0007,neutral,0.9991,0.0387,0.0181,0.0164,0.0175,0.8228,0.0212,0.0653,neutral,0.8228,0.3182,positive
Taxi Driver,1976,TRAVIS,dialogue,180,485,0.6545454545454545,5,25,,0.0002,0.0005,0.9993,positive,0.9993,0.0053,0.01,0.0013,0.8585,0.1123,0.0034,0.0092,joy,0.8585,0.7906,positive
Taxi Driver,1976,TRAVIS,voice_over,181,486,0.6581818181818182,12,60,,0.0004,0.9969,0.0026,neutral,0.9969,0.0763,0.0102,0.1211,0.2071,0.456,0.0814,0.0479,neutral,0.456,0,neutral
Taxi Driver,1976,TRAVIS,voice_over,182,490,0.6618181818181819,44,243,,0.0008,0.9664,0.0327,neutral,0.9664,0.0041,0.0023,0.0064,0.2364,0.0761,0.5775,0.0971,sadness,0.5775,0.8591,positive
Taxi Driver,1976,TRAVIS,voice_over,183,491,0.6654545454545454,13,56,,0.0004,0.999,0.0006,neutral,0.999,0.008,0.0107,0.0027,0.0023,0.9488,0.0113,0.0163,neutral,0.9488,-0.4215,negative
Taxi Driver,1976,TRAVIS,dialogue,184,493,0.6690909090909091,2,15,,0.9944,0.005,0.0006,negative,0.9944,0.0123,0.0189,0.0134,0.0054,0.0375,0.8848,0.0278,sadness,0.8848,-0.0772,negative
Taxi Driver,1976,TRAVIS,dialogue,185,495,0.6727272727272727,2,12,,0.9954,0.0041,0.0005,negative,0.9954,0.2742,0.1419,0.272,0.0062,0.251,0.0409,0.0138,anger,0.2742,0,neutral
Taxi Driver,1976,TRAVIS,voice_over,186,497,0.6763636363636364,37,158,,0.002,0.9941,0.004,neutral,0.9941,0.0263,0.0081,0.6734,0.0944,0.1139,0.0541,0.0297,fear,0.6734,0.5432,positive
Taxi Driver,1976,TRAVIS,dialogue,187,499,0.68,1,6,,0.0014,0.9928,0.0058,neutral,0.9928,0.0101,0.0236,0.0055,0.0284,0.9127,0.0099,0.0097,neutral,0.9127,0,neutral
Taxi Driver,1976,TRAVIS,dialogue,188,501,0.6836363636363636,3,18,,0.0003,0.9987,0.0011,neutral,0.9987,0.0207,0.0553,0.0118,0.0241,0.7904,0.0306,0.0671,neutral,0.7904,0,neutral
Taxi Driver,1976,TRAVIS,dialogue,189,503,0.6872727272727273,3,15,,0.0002,0.9994,0.0004,neutral,0.9994,0.0226,0.0076,0.0045,0.005,0.6629,0.003,0.2944,neutral,0.6629,0,neutral
Taxi Driver,1976,TRAVIS,dialogue,190,505,0.6909090909090909,3,16,,0.0002,0.9993,0.0005,neutral,0.9993,0.0237,0.0082,0.0054,0.0063,0.5795,0.0041,0.3728,neutral,0.5795,0,neutral
Taxi Driver,1976,TRAVIS,dialogue,191,507,0.6945454545454546,7,31,,0.0014,0.995,0.0036,neutral,0.995,0.2909,0.0601,0.03,0.0136,0.5682,0.0223,0.015,neutral,0.5682,-0.2263,negative
Taxi Driver,1976,TRAVIS,dialogue,192,509,0.6981818181818182,1,5,,0.997,0.0013,0.0017,negative,0.997,0.264,0.7074,0.0023,0.001,0.014,0.0081,0.0033,disgust,0.7074,-0.5574,negative
Taxi Driver,1976,TRAVIS,dialogue,193,513,0.7018181818181818,3,11,,0.0033,0.9957,0.001,neutral,0.9957,0.155,0.0927,0.299,0.0038,0.3721,0.0566,0.0208,neutral,0.3721,-0.296,negative
Taxi Driver,1976,TRAVIS,dialogue,194,515,0.7054545454545454,2,8,,0.0003,0.0004,0.9993,positive,0.9993,0.0038,0.0165,0.0039,0.1565,0.7024,0.0496,0.0673,neutral,0.7024,0,neutral
Taxi Driver,1976,TRAVIS,dialogue,195,521,0.7090909090909091,7,39,,0.0017,0.9979,0.0004,neutral,0.9979,0.3334,0.229,0.011,0.0099,0.2507,0.0139,0.1521,anger,0.3334,0,neutral
Taxi Driver,1976,TRAVIS,dialogue,196,523,0.7127272727272728,6,29,,0.0006,0.996,0.0034,neutral,0.996,0.1036,0.1527,0.0077,0.0151,0.7038,0.0085,0.0086,neutral,0.7038,0.6124,positive
Taxi Driver,1976,TRAVIS,dialogue,197,525,0.7163636363636363,3,17,,0.0002,0.9992,0.0006,neutral,0.9992,0.1093,0.0379,0.0204,0.0085,0.1665,0.0103,0.6473,surprise,0.6473,0,neutral
Taxi Driver,1976,TRAVIS,dialogue,198,527,0.72,6,26,,0.4497,0.5463,0.004,neutral,0.5463,0.0562,0.234,0.0029,0.0016,0.6725,0.0136,0.0192,neutral,0.6725,0,neutral
Taxi Driver,1976,TRAVIS,dialogue,199,529,0.7236363636363636,4,22,,0.0002,0.9992,0.0006,neutral,0.9992,0.0515,0.0179,0.0165,0.0067,0.192,0.0096,0.7058,surprise,0.7058,0,neutral
Taxi Driver,1976,TRAVIS,dialogue,200,531,0.7272727272727273,4,22,,0.0002,0.9992,0.0006,neutral,0.9992,0.0515,0.0179,0.0165,0.0067,0.192,0.0096,0.7058,surprise,0.7058,0,neutral
Taxi Driver,1976,TRAVIS,dialogue,201,533,0.730909091,4,19,,0.0002,0.0002,0.9996,positive,0.9996,0.0028,0.0092,0.001,0.7962,0.1701,0.0064,0.0143,joy,0.7962,0.4215,positive
Taxi Driver,1976,TRAVIS,dialogue,202,535,0.7345454545454545,7,41,,0.0004,0.999,0.0006,neutral,0.999,0.4773,0.0681,0.0499,0.004,0.1863,0.0302,0.1843,anger,0.4773,0,neutral
Taxi Driver,1976,TRAVIS,dialogue,203,537,0.7381818181818182,12,58,,0.0029,0.9962,0.0009,neutral,0.9962,0.0451,0.0109,0.8568,0.0018,0.0401,0.0157,0.0296,fear,0.8568,0,neutral
Taxi Driver,1976,TRAVIS,dialogue,204,539,0.7418181818181818,17,78,,0.9856,0.014,0.0005,negative,0.9856,0.5853,0.0194,0.2899,0.003,0.0612,0.0279,0.0132,anger,0.5853,0.6486,positive
Taxi Driver,1976,TRAVIS,dialogue,205,541,0.7454545454545455,9,46,,0.9985,0.0011,0.0004,negative,0.9985,0.7414,0.1688,0.0113,0.0018,0.0613,0.0128,0.0026,anger,0.7414,-0.0191,neutral
Taxi Driver,1976,TRAVIS,dialogue,206,543,0.7490909090909091,13,52,,0.9946,0.005,0.0004,negative,0.9946,0.6454,0.0981,0.0714,0.0039,0.1034,0.0707,0.0072,anger,0.6454,-0.0572,negative
Taxi Driver,1976,TRAVIS,dialogue,207,545,0.7527272727272727,13,58,,0.999,0.0007,0.0003,negative,0.999,0.8937,0.0389,0.0103,0.0027,0.0172,0.0242,0.013,anger,0.8937,-0.1486,negative
Taxi Driver,1976,TRAVIS,dialogue,208,547,0.7563636363636363,17,81,,0.9891,0.0105,0.0005,negative,0.9891,0.3879,0.043,0.0269,0.0051,0.3759,0.0322,0.129,anger,0.3879,0,neutral
Taxi Driver,1976,TRAVIS,dialogue,209,549,0.76,4,17,,0.3617,0.6371,0.0012,neutral,0.6371,0.1005,0.0875,0.0482,0.0047,0.4272,0.023,0.309,neutral,0.4272,0,neutral
Taxi Driver,1976,TRAVIS,dialogue,210,551,0.7636363636363637,1,9,,0.001,0.9983,0.0007,neutral,0.9983,0.0697,0.0361,0.0168,0.0471,0.7578,0.0152,0.0572,neutral,0.7578,0,neutral
Taxi Driver,1976,TRAVIS,dialogue,211,553,0.7672727272727272,5,19,,0.0725,0.9221,0.0055,neutral,0.9221,0.0624,0.0327,0.0424,0.1884,0.6215,0.0433,0.0093,neutral,0.6215,0.4588,positive
Taxi Driver,1976,TRAVIS,dialogue,212,555,0.7709090909090909,14,62,,0.9987,0.0007,0.0006,negative,0.9987,0.8062,0.1645,0.0022,0.0023,0.0125,0.0079,0.0045,anger,0.8062,-0.9791,negative
Taxi Driver,1976,TRAVIS,dialogue,213,557,0.7745454545454545,4,30,,0.0003,0.9992,0.0005,neutral,0.9992,0.4494,0.1155,0.023,0.004,0.0745,0.0141,0.3195,anger,0.4494,0,neutral
Taxi Driver,1976,TRAVIS,dialogue,214,559,0.7781818181818182,7,34,,0.0002,0.9992,0.0006,neutral,0.9992,0.1573,0.041,0.0551,0.0031,0.2997,0.0274,0.4163,surprise,0.4163,0,neutral
Taxi Driver,1976,TRAVIS,dialogue,215,561,0.7818181818181819,5,21,,0.0004,0.9993,0.0003,neutral,0.9993,0.1538,0.0404,0.0295,0.0062,0.0576,0.0195,0.6929,surprise,0.6929,-0.0572,negative
Taxi Driver,1976,TRAVIS,dialogue,216,563,0.7854545454545454,4,19,,0.0002,0.9991,0.0007,neutral,0.9991,0.0471,0.017,0.0491,0.0044,0.1168,0.0074,0.7582,surprise,0.7582,0,neutral
Taxi Driver,1976,TRAVIS,dialogue,217,565,0.7890909090909091,3,14,,0.0011,0.9982,0.0007,neutral,0.9982,0.0176,0.0252,0.0131,0.0158,0.8941,0.0181,0.0162,neutral,0.8941,0.2732,positive
Taxi Driver,1976,TRAVIS,dialogue,218,567,0.7927272727272727,5,20,,0.0002,0.9991,0.0006,neutral,0.9991,0.0131,0.0061,0.0081,0.3647,0.3902,0.1648,0.053,neutral,0.3902,0,neutral
Taxi Driver,1976,TRAVIS,dialogue,219,569,0.7963636363636364,12,54,,0.3031,0.6954,0.0015,neutral,0.6954,0.1678,0.2356,0.0109,0.002,0.5561,0.0186,0.0089,neutral,0.5561,0,neutral
Taxi Driver,1976,TRAVIS,dialogue,220,571,0.8,8,42,,0.0005,0.9987,0.0008,neutral,0.9987,0.0048,0.0029,0.005,0.2189,0.248,0.158,0.3624,surprise,0.3624,0.2732,positive
Taxi Driver,1976,TRAVIS,dialogue,221,573,0.8036363636363636,9,42,,0.0002,0.997,0.0028,neutral,0.997,0.0137,0.0156,0.0036,0.034,0.9109,0.0134,0.0087,neutral,0.9109,0,neutral
Taxi Driver,1976,TRAVIS,dialogue,222,578,0.8072727272727273,5,26,,0.3947,0.0434,0.562,positive,0.562,0.0029,0.0037,0.0054,0.2624,0.199,0.4683,0.0582,sadness,0.4683,0.5046,positive
Taxi Driver,1976,TRAVIS,dialogue,223,580,0.8109090909090909,13,70,,0.6461,0.285,0.0689,negative,0.6461,0.5883,0.1159,0.0058,0.035,0.2383,0.0094,0.0074,anger,0.5883,0.3182,positive
Taxi Driver,1976,TRAVIS,dialogue,224,594,0.8145454545454546,3,14,,0.0002,0.9991,0.0006,neutral,0.9991,0.1108,0.0646,0.096,0.0048,0.1814,0.2562,0.2861,surprise,0.2861,0,neutral
Taxi Driver,1976,TRAVIS,dialogue,225,596,0.8181818181818182,1,6,,0.0002,0.9991,0.0007,neutral,0.9991,0.1773,0.0839,0.0678,0.0062,0.1193,0.0556,0.4899,surprise,0.4899,0,neutral
Taxi Driver,1976,TRAVIS,dialogue,226,598,0.8218181818181818,14,65,,0.0071,0.982,0.011,neutral,0.982,0.0101,0.2179,0.1791,0.0049,0.3985,0.0673,0.1223,neutral,0.3985,-0.8134,negative
Taxi Driver,1976,TRAVIS,dialogue,227,600,0.8254545454545454,13,67,,0.999,0.0006,0.0003,negative,0.999,0.6231,0.2641,0.0227,0.0025,0.043,0.0398,0.0048,anger,0.6231,-0.8769,negative
Taxi Driver,1976,TRAVIS,dialogue,228,602,0.8290909090909091,18,95,,0.0014,0.9971,0.0015,neutral,0.9971,0.0168,0.1661,0.008,0.0541,0.7422,0.0071,0.0056,neutral,0.7422,0.34,positive
Taxi Driver,1976,TRAVIS,dialogue,229,604,0.8327272727272728,20,102,,0.999,0.0007,0.0003,negative,0.999,0.5628,0.3923,0.0039,0.004,0.0262,0.008,0.0028,anger,0.5628,0.089,positive
Taxi Driver,1976,TRAVIS,dialogue,230,606,0.8363636363636363,9,45,,0.0004,0.0002,0.9994,positive,0.9994,0.1083,0.3032,0.1959,0.0026,0.2745,0.0362,0.0792,disgust,0.3032,-0.4215,negative
Taxi Driver,1976,TRAVIS,dialogue,231,608,0.84,1,4,,0.0003,0.9991,0.0006,neutral,0.9991,0.0323,0.022,0.0103,0.0034,0.0664,0.0038,0.8618,surprise,0.8618,0,neutral
Taxi Driver,1976,TRAVIS,dialogue,232,610,0.8436363636363636,5,23,,0.0004,0.0002,0.9993,positive,0.9993,0.1212,0.3432,0.3158,0.0017,0.1212,0.0441,0.0528,disgust,0.3432,-0.4215,negative
Taxi Driver,1976,TRAVIS,dialogue,233,612,0.8472727272727273,4,19,,0.0012,0.0008,0.998,positive,0.998,0.1722,0.5477,0.0068,0.0039,0.2265,0.0243,0.0186,disgust,0.5477,0,neutral
Taxi Driver,1976,TRAVIS,dialogue,234,614,0.850909091,12,62,,0.9991,0.0005,0.0003,negative,0.9991,0.0649,0.9239,0.0021,0.0004,0.0041,0.004,0.0006,disgust,0.9239,0.3182,positive
Taxi Driver,1976,TRAVIS,dialogue,235,616,0.8545454545454545,23,107,,0.9986,0.0011,0.0003,negative,0.9986,0.0081,0.9622,0.0035,0.0007,0.0124,0.0093,0.0038,disgust,0.9622,-0.3559,negative
Taxi Driver,1976,TRAVIS,dialogue,236,618,0.8581818181818182,10,42,,0.9966,0.003,0.0003,negative,0.9966,0.0943,0.7175,0.0994,0.0016,0.0345,0.0347,0.018,disgust,0.7175,0.3612,positive
Taxi Driver,1976,TRAVIS,dialogue,237,620,0.8618181818181818,9,45,,0.9991,0.0006,0.0003,negative,0.9991,0.1156,0.7035,0.0266,0.0039,0.0661,0.0767,0.0076,disgust,0.7035,0.3612,positive
Taxi Driver,1976,TRAVIS,dialogue,238,622,0.8654545454545455,6,31,,0.0078,0.9767,0.0155,neutral,0.9767,0.0723,0.1181,0.0141,0.0135,0.6327,0.1308,0.0184,neutral,0.6327,0,neutral
Taxi Driver,1976,TRAVIS,dialogue,239,624,0.8690909090909091,9,50,,0.0024,0.9897,0.0079,neutral,0.9897,0.0669,0.0227,0.0521,0.0049,0.1146,0.7159,0.023,sadness,0.7159,0.2378,positive
Taxi Driver,1976,TRAVIS,dialogue,240,626,0.8727272727272727,20,98,,0.0003,0.9987,0.001,neutral,0.9987,0.0154,0.0125,0.0166,0.0034,0.8672,0.024,0.061,neutral,0.8672,0.2023,positive
Taxi Driver,1976,TRAVIS,dialogue,241,628,0.8763636363636363,6,22,,0.9875,0.0123,0.0003,negative,0.9875,0.081,0.0771,0.1992,0.0073,0.2274,0.031,0.377,surprise,0.377,0.3612,positive
Taxi Driver,1976,TRAVIS,dialogue,242,631,0.88,12,58,,0.9949,0.0049,0.0002,negative,0.9949,0.7935,0.1451,0.0063,0.0027,0.0272,0.0097,0.0155,anger,0.7935,-0.5423,negative
Taxi Driver,1976,TRAVIS,dialogue,243,633,0.8836363636363637,5,25,,0.8862,0.1132,0.0006,negative,0.8862,0.5411,0.2038,0.0142,0.0064,0.1989,0.0116,0.024,anger,0.5411,-0.0516,negative
Taxi Driver,1976,TRAVIS,dialogue,244,635,0.8872727272727273,4,21,,0.9379,0.0494,0.0127,negative,0.9379,0.5094,0.2939,0.0266,0.0024,0.1095,0.0453,0.0128,anger,0.5094,0,neutral
Taxi Driver,1976,TRAVIS,dialogue,245,637,0.8909090909090909,17,78,,0.999,0.0008,0.0003,negative,0.999,0.6798,0.1244,0.0262,0.0042,0.1485,0.0122,0.0047,anger,0.6798,0.0382,neutral
Taxi Driver,1976,TRAVIS,dialogue,246,639,0.8945454545454545,13,79,,0.9571,0.0404,0.0025,negative,0.9571,0.5877,0.1135,0.0994,0.004,0.1468,0.029,0.0197,anger,0.5877,-0.743,negative
Taxi Driver,1976,TRAVIS,dialogue,247,641,0.8981818181818182,7,36,,0.9964,0.0031,0.0004,negative,0.9964,0.0152,0.0144,0.0181,0.0058,0.0419,0.8633,0.0413,sadness,0.8633,-0.0772,negative
Taxi Driver,1976,TRAVIS,dialogue,248,643,0.901818182,84,395,,0.9973,0.0024,0.0003,negative,0.9973,0.565,0.215,0.0109,0.01,0.1822,0.0131,0.0038,anger,0.565,0.8787,positive
Taxi Driver,1976,TRAVIS,dialogue,249,645,0.9054545454545454,36,168,,0.9963,0.003,0.0006,negative,0.9963,0.0712,0.1599,0.0099,0.0292,0.7146,0.0095,0.0057,neutral,0.7146,0.7684,positive
Taxi Driver,1976,TRAVIS,dialogue,250,647,0.9090909090909092,5,28,,0.9874,0.012,0.0006,negative,0.9874,0.0533,0.0416,0.0346,0.0058,0.2219,0.6101,0.0325,sadness,0.6101,0,neutral
Taxi Driver,1976,TRAVIS,dialogue,251,649,0.9127272727272728,17,76,,0.9522,0.0469,0.0009,negative,0.9522,0.0609,0.0249,0.0174,0.0128,0.861,0.0137,0.0093,neutral,0.861,-0.0572,negative
Taxi Driver,1976,TRAVIS,dialogue,252,651,0.9163636363636364,20,85,,0.0006,0.9989,0.0005,neutral,0.9989,0.0884,0.0388,0.105,0.0089,0.1109,0.574,0.074,sadness,0.574,0.0772,positive
Taxi Driver,1976,TRAVIS,dialogue,253,653,0.92,9,36,,0.0006,0.9981,0.0013,neutral,0.9981,0.0653,0.013,0.3807,0.004,0.2474,0.2359,0.0537,fear,0.3807,0,neutral
Taxi Driver,1976,TRAVIS,voice_over,254,660,0.9236363636363636,20,99,,0.0008,0.9982,0.0011,neutral,0.9982,0.1457,0.0433,0.0461,0.0268,0.6635,0.0415,0.0331,neutral,0.6635,0,neutral
Taxi Driver,1976,TRAVIS,voice_over,255,661,0.9272727272727272,33,189,,0.9872,0.0123,0.0005,negative,0.9872,0.0187,0.0152,0.0529,0.0032,0.0311,0.8717,0.0072,sadness,0.8717,-0.8233,negative
Taxi Driver,1976,TRAVIS,voice_over,256,662,0.9309090909090908,50,245,,0.9987,0.001,0.0003,negative,0.9987,0.2795,0.0911,0.0379,0.0129,0.0834,0.4831,0.012,sadness,0.4831,-0.0485,neutral
Taxi Driver,1976,TRAVIS,dialogue,257,666,0.9345454545454546,5,27,,0.0002,0.9983,0.0014,neutral,0.9983,0.0051,0.0055,0.0014,0.1551,0.7715,0.01,0.0513,neutral,0.7715,0,neutral
Taxi Driver,1976,TRAVIS,dialogue,258,668,0.9381818181818182,9,47,,0.0002,0.9991,0.0006,neutral,0.9991,0.0291,0.0481,0.0038,0.0873,0.665,0.0182,0.1485,neutral,0.665,0,neutral
Taxi Driver,1976,TRAVIS,dialogue,259,670,0.9418181818181818,5,21,,0.0003,0.9978,0.0019,neutral,0.9978,0.0017,0.0015,0.001,0.5392,0.3629,0.023,0.0707,joy,0.5392,0,neutral
Taxi Driver,1976,TRAVIS,dialogue,260,673,0.9454545454545454,8,42,,0.0002,0.9991,0.0008,neutral,0.9991,0.019,0.0253,0.0039,0.003,0.8644,0.0126,0.0717,neutral,0.8644,0.296,positive
Taxi Driver,1976,TRAVIS,dialogue,261,675,0.9490909090909092,4,16,,0.0002,0.9992,0.0005,neutral,0.9992,0.0554,0.0127,0.0552,0.0054,0.0862,0.0043,0.7807,surprise,0.7807,-0.34,negative
Taxi Driver,1976,TRAVIS,dialogue,262,676,0.9527272727272728,2,7,,0.0276,0.809,0.1633,neutral,0.809,0.3306,0.0311,0.0078,0.0487,0.5715,0.005,0.0052,neutral,0.5715,0,neutral
Taxi Driver,1976,TRAVIS,dialogue,263,678,0.9563636363636364,4,14,,0.0007,0.999,0.0004,neutral,0.999,0.2597,0.0276,0.0187,0.0315,0.6439,0.0065,0.0121,neutral,0.6439,0,neutral
Taxi Driver,1976,TRAVIS,dialogue,264,679,0.96,4,17,,0.9988,0.0007,0.0005,negative,0.9988,0.7266,0.2351,0.0028,0.0037,0.0249,0.0051,0.0018,anger,0.7266,-0.4404,negative
Taxi Driver,1976,TRAVIS,dialogue,265,682,0.9636363636363636,2,15,,0.0068,0.0075,0.9857,positive,0.9857,0.0568,0.3173,0.0234,0.0232,0.0306,0.0553,0.4933,surprise,0.4933,0,neutral
Taxi Driver,1976,TRAVIS,dialogue,266,687,0.9672727272727272,3,14,,0.0008,0.9972,0.002,neutral,0.9972,0.0054,0.0042,0.0021,0.4737,0.4555,0.007,0.052,joy,0.4737,0,neutral
Taxi Driver,1976,TRAVIS,dialogue,267,689,0.9709090909090908,1,5,,0.997,0.0013,0.0017,negative,0.997,0.264,0.7074,0.0023,0.001,0.014,0.0081,0.0033,disgust,0.7074,-0.5574,negative
Taxi Driver,1976,TRAVIS,dialogue,268,693,0.9745454545454544,2,13,,0.0004,0.9977,0.0019,neutral,0.9977,0.0045,0.0084,0.0036,0.0387,0.9186,0.006,0.0202,neutral,0.9186,0,neutral
Taxi Driver,1976,TRAVIS,dialogue,269,694,0.9781818181818182,7,41,,0.0003,0.9991,0.0006,neutral,0.9991,0.0165,0.0128,0.0013,0.0703,0.1639,0.0164,0.7187,surprise,0.7187,0,neutral
Taxi Driver,1976,TRAVIS,dialogue,270,696,0.9818181818181818,5,21,,0.0005,0.9973,0.0021,neutral,0.9973,0.0127,0.0123,0.0021,0.6918,0.2461,0.0075,0.0275,joy,0.6918,0.8271,positive
Taxi Driver,1976,TRAVIS,dialogue,271,698,0.9854545454545456,28,152,,0.7746,0.2225,0.0029,negative,0.7746,0.0429,0.0953,0.0093,0.0104,0.7733,0.0561,0.0128,neutral,0.7733,0,neutral
Taxi Driver,1976,TRAVIS,dialogue,272,699,0.9890909090909092,3,12,,0.0011,0.9122,0.0867,neutral,0.9122,0.0099,0.0037,0.0012,0.0445,0.9249,0.0023,0.0135,neutral,0.9249,0,neutral
Taxi Driver,1976,TRAVIS,dialogue,273,700,0.9927272727272728,8,42,,0.9986,0.001,0.0004,negative,0.9986,0.1234,0.2187,0.0331,0.0092,0.5652,0.0418,0.0085,neutral,0.5652,0.5574,positive
Taxi Driver,1976,TRAVIS,dialogue,274,703,0.9963636363636365,1,5,,0.0006,0.9917,0.0077,neutral,0.9917,0.0409,0.1536,0.0101,0.0282,0.7186,0.0335,0.0152,neutral,0.7186,0.296,positive
Taxi Driver,1976,TRAVIS,dialogue,275,705,1,1,5,,0.0009,0.9876,0.0115,neutral,0.9876,0.0254,0.0614,0.0062,0.0593,0.8254,0.0104,0.0119,neutral,0.8254,0.3182,positive
Light Sleeper,1992,LETOUR,voice_over,1,1,0.002890173,89,466,,0.0014,0.9976,0.001,neutral,0.9976,0.0259,0.0226,0.0064,0.0157,0.8781,0.0158,0.0355,neutral,0.8781,-0.0433,neutral
Light Sleeper,1992,LETOUR,dialogue,2,3,0.005780347,1,4,,0.0018,0.9976,0.0006,neutral,0.9976,0.0059,0.0075,0.0057,0.0225,0.8617,0.033,0.0636,neutral,0.8617,0,neutral
Light Sleeper,1992,LETOUR,dialogue,3,5,0.00867052,1,7,,0.0007,0.9987,0.0005,neutral,0.9987,0.0148,0.0067,0.0288,0.0178,0.8359,0.0178,0.0783,neutral,0.8359,0,neutral
Light Sleeper,1992,LETOUR,dialogue,4,7,0.011560694,8,38,,0.9988,0.0009,0.0003,negative,0.9988,0.0019,0.0015,0.0029,0.0023,0.0056,0.9741,0.0117,sadness,0.9741,-0.4767,negative
Light Sleeper,1992,LETOUR,dialogue,5,9,0.014450867,4,21,,0.0005,0.9974,0.0021,neutral,0.9974,0.0115,0.0177,0.0203,0.0224,0.8711,0.0127,0.0442,neutral,0.8711,0,neutral
Light Sleeper,1992,LETOUR,dialogue,6,13,0.01734104,3,12,,0.0002,0.999,0.0008,neutral,0.999,0.0445,0.0196,0.009,0.0053,0.0606,0.0045,0.8565,surprise,0.8565,0,neutral
Light Sleeper,1992,LETOUR,dialogue,7,15,0.020231214,4,26,,0.0019,0.9957,0.0023,neutral,0.9957,0.01,0.0131,0.0219,0.0192,0.9023,0.0042,0.0293,neutral,0.9023,0,neutral
Light Sleeper,1992,LETOUR,dialogue,8,18,0.023121387,4,23,,0.0003,0.9989,0.0008,neutral,0.9989,0.0081,0.0047,0.0055,0.0137,0.7065,0.0708,0.1906,neutral,0.7065,0,neutral
Light Sleeper,1992,LETOUR,dialogue,9,20,0.026011561,7,33,,0.5755,0.367,0.0575,negative,0.5755,0.1367,0.0205,0.433,0.0195,0.1769,0.1554,0.0581,fear,0.433,-0.4019,negative
Light Sleeper,1992,LETOUR,dialogue,10,24,0.028901734,4,17,,0.0002,0.0004,0.9994,positive,0.9994,0.0108,0.038,0.0063,0.6338,0.2683,0.011,0.0318,joy,0.6338,0.6124,positive
Light Sleeper,1992,LETOUR,voice_over,11,25,0.031791908,96,515,,0.9795,0.0197,0.0008,negative,0.9795,0.3911,0.3338,0.0346,0.0055,0.1495,0.046,0.0395,anger,0.3911,0.4547,positive
Light Sleeper,1992,LETOUR,dialogue,12,27,0.034682081,3,14,,0.9982,0.0011,0.0007,negative,0.9982,0.4133,0.1371,0.041,0.007,0.1796,0.2096,0.0125,anger,0.4133,0.1877,positive
Light Sleeper,1992,LETOUR,dialogue,13,29,0.037572254,2,7,,0.0004,0.9987,0.0009,neutral,0.9987,0.014,0.0047,0.0049,0.072,0.6946,0.0135,0.1964,neutral,0.6946,0,neutral
Light Sleeper,1992,LETOUR,dialogue,14,31,0.040462428,20,103,,0.9951,0.0045,0.0005,negative,0.9951,0.064,0.047,0.0069,0.0467,0.8003,0.0058,0.0292,neutral,0.8003,0.34,positive
Light Sleeper,1992,LETOUR,dialogue,15,33,0.043352601,6,32,,0.993,0.0063,0.0007,negative,0.993,0.035,0.059,0.1103,0.0217,0.2161,0.4699,0.0879,sadness,0.4699,0,neutral
Light Sleeper,1992,LETOUR,dialogue,16,35,0.046242775,3,13,,0.9987,0.0007,0.0006,negative,0.9987,0.4842,0.0919,0.0092,0.0204,0.2735,0.0214,0.0994,anger,0.4842,0,neutral
Light Sleeper,1992,LETOUR,dialogue,17,37,0.049132948,7,41,,0.0003,0.9989,0.0008,neutral,0.9989,0.0369,0.0682,0.002,0.0125,0.8475,0.0128,0.0201,neutral,0.8475,-0.4588,negative
Light Sleeper,1992,LETOUR,dialogue,18,39,0.052023121,28,140,,0.9653,0.0339,0.0009,negative,0.9653,0.0947,0.094,0.112,0.0083,0.4167,0.1897,0.0847,neutral,0.4167,-0.296,negative
Light Sleeper,1992,LETOUR,dialogue,19,42,0.054913295,1,5,,0.0044,0.9951,0.0005,neutral,0.9951,0.0153,0.0147,0.0077,0.0047,0.0198,0.0025,0.9353,surprise,0.9353,0,neutral
Light Sleeper,1992,LETOUR,dialogue,20,44,0.057803468,1,4,,0.0002,0.9992,0.0005,neutral,0.9992,0.0274,0.0199,0.0117,0.0032,0.0297,0.0044,0.9038,surprise,0.9038,0,neutral
Light Sleeper,1992,LETOUR,dialogue,21,46,0.060693642,11,63,,0.0003,0.9991,0.0006,neutral,0.9991,0.0473,0.0101,0.1411,0.0319,0.5737,0.032,0.1639,neutral,0.5737,0.5204,positive
Light Sleeper,1992,LETOUR,dialogue,22,49,0.063583815,14,90,,0.9989,0.0008,0.0003,negative,0.9989,0.0124,0.1031,0.0072,0.0171,0.7657,0.0715,0.023,neutral,0.7657,0.2778,positive
Light Sleeper,1992,LETOUR,dialogue,23,51,0.066473988,4,20,,0.9983,0.0015,0.0002,negative,0.9983,0.3185,0.0802,0.0191,0.009,0.0795,0.3428,0.151,sadness,0.3428,0,neutral
Light Sleeper,1992,LETOUR,dialogue,24,53,0.069364162,5,29,,0.0002,0.999,0.0008,neutral,0.999,0.078,0.0558,0.0115,0.0064,0.2185,0.0055,0.6243,surprise,0.6243,0,neutral
Light Sleeper,1992,LETOUR,dialogue,25,55,0.072254335,5,26,,0.0005,0.997,0.0024,neutral,0.997,0.0368,0.016,0.0054,0.0125,0.8803,0.0059,0.043,neutral,0.8803,0,neutral
Light Sleeper,1992,LETOUR,dialogue,26,57,0.075144509,8,43,,0.0292,0.9703,0.0005,neutral,0.9703,0.0278,0.0141,0.0064,0.0053,0.049,0.0037,0.8937,surprise,0.8937,0,neutral
Light Sleeper,1992,LETOUR,dialogue,27,59,0.078034682,5,30,,0.9988,0.0008,0.0004,negative,0.9988,0.1064,0.7077,0.0013,0.0038,0.1721,0.0042,0.0046,disgust,0.7077,0,neutral
Light Sleeper,1992,LETOUR,dialogue,28,61,0.080924855,1,9,,0.0001,0.9993,0.0006,neutral,0.9993,0.0287,0.012,0.0098,0.004,0.0926,0.0029,0.85,surprise,0.85,0,neutral
Light Sleeper,1992,LETOUR,dialogue,29,63,0.083815029,21,104,,0.998,0.0017,0.0003,negative,0.998,0.111,0.2133,0.0184,0.0064,0.0994,0.0323,0.5191,surprise,0.5191,-0.1027,negative
Light Sleeper,1992,LETOUR,dialogue,30,65,0.086705202,6,32,,0.8599,0.1391,0.001,negative,0.8599,0.1011,0.0413,0.0374,0.0039,0.4438,0.1426,0.2299,neutral,0.4438,-0.2263,negative
Light Sleeper,1992,LETOUR,dialogue,31,69,0.089595376,2,8,,0.0003,0.9989,0.0008,neutral,0.9989,0.0743,0.0277,0.0176,0.0044,0.0589,0.0051,0.8121,surprise,0.8121,0,neutral
Light Sleeper,1992,LETOUR,dialogue,32,71,0.092485549,2,10,,0.0002,0.0002,0.9996,positive,0.9996,0.0014,0.0085,0.001,0.9113,0.062,0.0067,0.0092,joy,0.9113,0.4754,positive
Light Sleeper,1992,LETOUR,dialogue,33,73,0.095375723,3,17,,0.0002,0.9993,0.0005,neutral,0.9993,0.0058,0.0192,0.0035,0.006,0.9366,0.0069,0.0219,neutral,0.9366,0,neutral
Light Sleeper,1992,LETOUR,dialogue,34,80,0.098265896,8,38,,0.0097,0.9691,0.0211,neutral,0.9691,0.051,0.5999,0.0059,0.0147,0.2948,0.0251,0.0087,disgust,0.5999,0,neutral
Light Sleeper,1992,LETOUR,dialogue,35,82,0.1011560693641618,5,24,,0.001,0.9957,0.0034,neutral,0.9957,0.0239,0.1158,0.0096,0.01,0.8278,0.0072,0.0056,neutral,0.8278,0,neutral
Light Sleeper,1992,LETOUR,dialogue,36,85,0.1040462427745664,2,11,,0.964,0.0323,0.0037,negative,0.964,0.2629,0.1571,0.0302,0.0474,0.4247,0.0653,0.0125,neutral,0.4247,0.2732,positive
Light Sleeper,1992,LETOUR,dialogue,37,88,0.1069364161849711,7,36,,0.0011,0.9979,0.001,neutral,0.9979,0.0107,0.0059,0.0168,0.0056,0.1433,0.524,0.2936,sadness,0.524,0,neutral
Light Sleeper,1992,LETOUR,dialogue,38,90,0.1098265895953757,3,15,,0.0004,0.9989,0.0007,neutral,0.9989,0.0312,0.0482,0.0294,0.0023,0.397,0.4569,0.035,sadness,0.4569,0,neutral
Light Sleeper,1992,LETOUR,dialogue,39,96,0.1127167630057803,1,8,,0.0002,0.9992,0.0006,neutral,0.9992,0.0065,0.0024,0.004,0.017,0.112,0.0181,0.84,surprise,0.84,0,neutral
Light Sleeper,1992,LETOUR,dialogue,40,99,0.1156069364161849,3,22,,0.0029,0.9953,0.0018,neutral,0.9953,0.0109,0.0042,0.0252,0.008,0.1297,0.6827,0.1392,sadness,0.6827,0,neutral
Light Sleeper,1992,LETOUR,dialogue,41,101,0.1184971098265895,1,5,,0.0004,0.9969,0.0028,neutral,0.9969,0.4704,0.1447,0.0194,0.0364,0.3079,0.0145,0.0066,anger,0.4704,0.2263,positive
Light Sleeper,1992,LETOUR,dialogue,42,103,0.1213872832369942,8,44,,0.0006,0.9988,0.0006,neutral,0.9988,0.0091,0.0024,0.0028,0.0767,0.3405,0.0486,0.5198,surprise,0.5198,0,neutral
Light Sleeper,1992,LETOUR,dialogue,43,105,0.1242774566473988,13,74,,0.0002,0.9992,0.0006,neutral,0.9992,0.3169,0.3693,0.0139,0.0111,0.2144,0.0157,0.0587,disgust,0.3693,0.3612,positive
Light Sleeper,1992,LETOUR,dialogue,44,107,0.1271676300578034,31,141,,0.9985,0.0012,0.0003,negative,0.9985,0.5307,0.3156,0.0082,0.0066,0.0895,0.0315,0.018,anger,0.5307,-0.6597,negative
Light Sleeper,1992,LETOUR,dialogue,45,109,0.130057803,30,136,,0.9986,0.0009,0.0005,negative,0.9986,0.1145,0.0886,0.026,0.0092,0.7214,0.0323,0.008,neutral,0.7214,-0.2853,negative
Light Sleeper,1992,LETOUR,dialogue,46,111,0.1329479768786127,5,20,,0.0007,0.9984,0.0008,neutral,0.9984,0.0788,0.0277,0.0165,0.0109,0.856,0.0048,0.0053,neutral,0.856,0,neutral
Light Sleeper,1992,LETOUR,dialogue,47,113,0.1358381502890173,10,55,,0.0002,0.9989,0.0009,neutral,0.9989,0.081,0.0249,0.0112,0.0098,0.8602,0.0053,0.0076,neutral,0.8602,0,neutral
Light Sleeper,1992,LETOUR,dialogue,48,115,0.1387283236994219,13,75,,0.998,0.0012,0.0009,negative,0.998,0.7085,0.1963,0.0044,0.0035,0.0637,0.0164,0.0071,anger,0.7085,-0.5423,negative
Light Sleeper,1992,LETOUR,dialogue,49,117,0.1416184971098266,1,5,,0.0004,0.9969,0.0028,neutral,0.9969,0.4704,0.1447,0.0194,0.0364,0.3079,0.0145,0.0066,anger,0.4704,0.2263,positive
Light Sleeper,1992,LETOUR,dialogue,50,119,0.1445086705202312,11,53,,0.0002,0.9989,0.0009,neutral,0.9989,0.0325,0.0297,0.0075,0.0153,0.8266,0.0614,0.0269,neutral,0.8266,0,neutral
Light Sleeper,1992,LETOUR,dialogue,51,121,0.1473988439306358,4,15,,0.0102,0.9762,0.0136,neutral,0.9762,0.0635,0.0716,0.0282,0.0066,0.1294,0.6859,0.0147,sadness,0.6859,0,neutral
Light Sleeper,1992,LETOUR,voice_over,52,123,0.1502890173410404,83,449,,0.9414,0.0571,0.0014,negative,0.9414,0.0771,0.1506,0.0063,0.0087,0.725,0.0161,0.0162,neutral,0.725,0.6478,positive
Light Sleeper,1992,LETOUR,dialogue,53,127,0.1531791907514451,12,53,,0.9979,0.0018,0.0003,negative,0.9979,0.1311,0.0155,0.7825,0.0028,0.0234,0.0236,0.0212,fear,0.7825,0.3612,positive
Light Sleeper,1992,LETOUR,dialogue,54,129,0.1560693641618497,8,41,,0.0859,0.1427,0.7715,positive,0.7715,0.0112,0.0245,0.0029,0.1969,0.7417,0.0166,0.0062,neutral,0.7417,0.7003,positive
Light Sleeper,1992,LETOUR,dialogue,55,130,0.1589595375722543,4,22,,0.0011,0.9981,0.0008,neutral,0.9981,0.0583,0.009,0.0162,0.0457,0.8009,0.0159,0.0539,neutral,0.8009,0,neutral
Light Sleeper,1992,LETOUR,dialogue,56,131,0.1618497109826589,9,49,,0.0002,0.9944,0.0054,neutral,0.9944,0.0884,0.0124,0.022,0.5714,0.265,0.0066,0.0342,joy,0.5714,0,neutral
Light Sleeper,1992,LETOUR,dialogue,57,132,0.1647398843930635,3,18,,0.0004,0.999,0.0007,neutral,0.999,0.0054,0.0028,0.0152,0.0261,0.8446,0.0172,0.0888,neutral,0.8446,0,neutral
Light Sleeper,1992,LETOUR,dialogue,58,134,0.1676300578034682,5,30,,0.4256,0.5423,0.0321,neutral,0.5423,0.106,0.2069,0.0197,0.0175,0.4817,0.1203,0.0479,neutral,0.4817,0,neutral
Light Sleeper,1992,LETOUR,dialogue,59,136,0.1705202312138728,4,20,,0.0002,0.9991,0.0007,neutral,0.9991,0.278,0.0541,0.0865,0.0098,0.0971,0.02,0.4546,surprise,0.4546,0,neutral
Light Sleeper,1992,LETOUR,dialogue,60,137,0.1734104046242774,7,35,,0.0002,0.9989,0.0009,neutral,0.9989,0.0069,0.0043,0.0021,0.0042,0.0275,0.0033,0.9517,surprise,0.9517,0,neutral
Light Sleeper,1992,LETOUR,dialogue,61,139,0.176300578,5,29,,0.9587,0.0352,0.0061,negative,0.9587,0.164,0.0677,0.0418,0.0354,0.1703,0.1337,0.3871,surprise,0.3871,0.2584,positive
Light Sleeper,1992,LETOUR,dialogue,62,141,0.1791907514450867,4,26,,0.0019,0.997,0.0011,neutral,0.997,0.1907,0.2543,0.0496,0.0067,0.4063,0.0524,0.04,neutral,0.4063,0,neutral
Light Sleeper,1992,LETOUR,dialogue,63,143,0.1820809248554913,6,27,,0.0004,0.0006,0.999,positive,0.999,0.0013,0.0025,0.0003,0.9429,0.0081,0.0051,0.0399,joy,0.9429,0.5719,positive
Light Sleeper,1992,LETOUR,dialogue,64,145,0.1849710982658959,27,126,,0.1133,0.8856,0.0011,neutral,0.8856,0.0347,0.0075,0.035,0.0397,0.495,0.2337,0.1544,neutral,0.495,0.4191,positive
Light Sleeper,1992,LETOUR,dialogue,65,147,0.1878612716763005,1,7,,0.3506,0.6345,0.0148,neutral,0.6345,0.0287,0.0394,0.0042,0.043,0.8745,0.0052,0.005,neutral,0.8745,0.5106,positive
Light Sleeper,1992,LETOUR,dialogue,66,149,0.1907514450867052,3,14,,0.9964,0.0032,0.0004,negative,0.9964,0.2566,0.0326,0.2618,0.0077,0.324,0.049,0.0684,neutral,0.324,-0.2263,negative
Light Sleeper,1992,LETOUR,dialogue,67,151,0.1936416184971098,6,32,,0.0004,0.999,0.0005,neutral,0.999,0.0131,0.0265,0.0029,0.0036,0.9375,0.0028,0.0136,neutral,0.9375,0,neutral
Light Sleeper,1992,LETOUR,dialogue,68,152,0.1965317919075144,1,5,,0.997,0.0013,0.0017,negative,0.997,0.264,0.7074,0.0023,0.001,0.014,0.0081,0.0033,disgust,0.7074,-0.5574,negative
Light Sleeper,1992,LETOUR,dialogue,69,154,0.1994219653179191,14,72,,0.0006,0.9985,0.001,neutral,0.9985,0.0408,0.022,0.0068,0.0108,0.896,0.0076,0.0159,neutral,0.896,0.6863,positive
Light Sleeper,1992,LETOUR,dialogue,70,156,0.2023121387283237,16,79,,0.0092,0.9894,0.0014,neutral,0.9894,0.0535,0.0399,0.0179,0.0178,0.8475,0.0138,0.0098,neutral,0.8475,0.3182,positive
Light Sleeper,1992,LETOUR,dialogue,71,158,0.2052023121387283,5,26,,0.0002,0.9992,0.0005,neutral,0.9992,0.0706,0.0206,0.0281,0.0067,0.1986,0.0231,0.6523,surprise,0.6523,0,neutral
Light Sleeper,1992,LETOUR,dialogue,72,160,0.2080924855491329,2,20,,0.0004,0.9987,0.0008,neutral,0.9987,0.0163,0.0324,0.0171,0.0063,0.8751,0.0069,0.0459,neutral,0.8751,0,neutral
Light Sleeper,1992,LETOUR,dialogue,73,162,0.2109826589595375,1,7,,0.0003,0.0009,0.9989,positive,0.9989,0.0042,0.0039,0.0024,0.2421,0.698,0.0136,0.0358,neutral,0.698,0.4404,positive
Light Sleeper,1992,LETOUR,dialogue,74,164,0.2138728323699422,1,5,,0.0006,0.9917,0.0077,neutral,0.9917,0.0409,0.1536,0.0101,0.0282,0.7186,0.0335,0.0152,neutral,0.7186,0.296,positive
Light Sleeper,1992,LETOUR,dialogue,75,166,0.2167630057803468,6,28,,0.0002,0.9991,0.0006,neutral,0.9991,0.0099,0.0338,0.0134,0.0016,0.8174,0.0406,0.0833,neutral,0.8174,-0.2411,negative
Light Sleeper,1992,LETOUR,dialogue,76,168,0.2196531791907514,8,40,,0.0003,0.9989,0.0008,neutral,0.9989,0.0135,0.0356,0.0079,0.003,0.8784,0.0183,0.0434,neutral,0.8784,0.3919,positive
Light Sleeper,1992,LETOUR,dialogue,77,170,0.222543353,15,75,,0.0002,0.9989,0.0009,neutral,0.9989,0.0195,0.0273,0.0146,0.0108,0.7191,0.0278,0.1809,neutral,0.7191,0,neutral
Light Sleeper,1992,LETOUR,dialogue,78,172,0.2254335260115607,9,65,,0.0002,0.999,0.0008,neutral,0.999,0.0209,0.0121,0.0048,0.0677,0.84,0.0118,0.0427,neutral,0.84,0,neutral
Light Sleeper,1992,LETOUR,dialogue,79,174,0.2283236994219653,3,13,,0.9915,0.0076,0.0009,negative,0.9915,0.4957,0.343,0.0079,0.0022,0.1284,0.0182,0.0047,anger,0.4957,-0.3875,negative
Light Sleeper,1992,LETOUR,dialogue,80,176,0.2312138728323699,1,5,,0.0006,0.9917,0.0077,neutral,0.9917,0.0409,0.1536,0.0101,0.0282,0.7186,0.0335,0.0152,neutral,0.7186,0.296,positive
Light Sleeper,1992,LETOUR,dialogue,81,178,0.2341040462427745,3,13,,0.0004,0.9986,0.001,neutral,0.9986,0.0533,0.0526,0.1191,0.0016,0.697,0.0525,0.0239,neutral,0.697,0,neutral
Light Sleeper,1992,LETOUR,dialogue,82,180,0.2369942196531791,2,10,,0.0002,0.9991,0.0007,neutral,0.9991,0.0298,0.0185,0.031,0.0043,0.0447,0.0176,0.8542,surprise,0.8542,0,neutral
Light Sleeper,1992,LETOUR,dialogue,83,182,0.2398843930635838,2,11,,0.0038,0.9958,0.0004,neutral,0.9958,0.1015,0.258,0.1299,0.0042,0.1512,0.2458,0.1094,disgust,0.258,0,neutral
Light Sleeper,1992,LETOUR,dialogue,84,184,0.2427745664739884,1,4,,0.0002,0.9957,0.004,neutral,0.9957,0.0207,0.0233,0.0117,0.0836,0.8396,0.0094,0.0115,neutral,0.8396,0.4019,positive
Light Sleeper,1992,LETOUR,dialogue,85,186,0.24566474,1,6,,0.0003,0.9982,0.0015,neutral,0.9982,0.0237,0.0206,0.0095,0.1613,0.6991,0.0117,0.0741,neutral,0.6991,0.4019,positive
Light Sleeper,1992,LETOUR,dialogue,86,188,0.2485549132947976,3,11,,0.0007,0.9982,0.0011,neutral,0.9982,0.0161,0.1587,0.7564,0.012,0.0342,0.02,0.0026,fear,0.7564,0,neutral
Light Sleeper,1992,LETOUR,dialogue,87,190,0.2514450867052023,3,8,,0.0009,0.9986,0.0005,neutral,0.9986,0.1991,0.1101,0.2249,0.0114,0.2741,0.1292,0.0511,neutral,0.2741,0,neutral
Light Sleeper,1992,LETOUR,dialogue,88,192,0.2543352601156069,1,4,,0.0002,0.9957,0.004,neutral,0.9957,0.0207,0.0233,0.0117,0.0836,0.8396,0.0094,0.0115,neutral,0.8396,0.4019,positive
Light Sleeper,1992,LETOUR,dialogue,89,194,0.2572254335260115,1,4,,0.0002,0.9957,0.004,neutral,0.9957,0.0207,0.0233,0.0117,0.0836,0.8396,0.0094,0.0115,neutral,0.8396,0.4019,positive
Light Sleeper,1992,LETOUR,dialogue,90,196,0.2601156069364161,1,7,,0.0002,0.9993,0.0005,neutral,0.9993,0.0273,0.0111,0.0138,0.009,0.5213,0.0061,0.4114,neutral,0.5213,0,neutral
Light Sleeper,1992,LETOUR,dialogue,91,198,0.2630057803468208,5,34,,0.0006,0.9984,0.001,neutral,0.9984,0.0197,0.0195,0.0514,0.0254,0.6962,0.1441,0.0437,neutral,0.6962,0,neutral
Light Sleeper,1992,LETOUR,dialogue,92,200,0.2658959537572254,26,127,,0.0011,0.9984,0.0006,neutral,0.9984,0.0349,0.0206,0.2541,0.0058,0.2003,0.2116,0.2727,surprise,0.2727,0.644,positive
Light Sleeper,1992,LETOUR,dialogue,93,211,0.268786127,15,85,,0.0007,0.9988,0.0005,neutral,0.9988,0.1203,0.3744,0.0534,0.0024,0.2369,0.0771,0.1354,disgust,0.3744,-0.8271,negative
Light Sleeper,1992,LETOUR,dialogue,94,213,0.2716763005780346,5,27,,0.0032,0.9949,0.002,neutral,0.9949,0.024,0.0059,0.041,0.0293,0.8717,0.012,0.0161,neutral,0.8717,-0.34,negative
Light Sleeper,1992,LETOUR,dialogue,95,216,0.2745664739884393,6,34,,0.0002,0.9991,0.0007,neutral,0.9991,0.0311,0.0516,0.0141,0.0046,0.0696,0.0084,0.8205,surprise,0.8205,0,neutral
Light Sleeper,1992,LETOUR,dialogue,96,218,0.2774566473988439,2,7,,0.0002,0.9992,0.0006,neutral,0.9992,0.0934,0.0396,0.0178,0.0054,0.0495,0.0074,0.7869,surprise,0.7869,0,neutral
Light Sleeper,1992,LETOUR,dialogue,97,222,0.2803468208092485,1,3,,0.0002,0.9991,0.0007,neutral,0.9991,0.0423,0.0181,0.0102,0.0048,0.0548,0.0036,0.8661,surprise,0.8661,0,neutral
Light Sleeper,1992,LETOUR,dialogue,98,224,0.2832369942196532,4,17,,0.0003,0.9975,0.0022,neutral,0.9975,0.0387,0.0877,0.0134,0.0732,0.7467,0.0237,0.0166,neutral,0.7467,0.5423,positive
Light Sleeper,1992,LETOUR,dialogue,99,226,0.2861271676300578,3,16,,0.0014,0.9978,0.0008,neutral,0.9978,0.0128,0.0342,0.0054,0.0098,0.9085,0.0158,0.0135,neutral,0.9085,0,neutral
Light Sleeper,1992,LETOUR,dialogue,100,229,0.2890173410404624,3,23,,0.0004,0.9981,0.0015,neutral,0.9981,0.0184,0.1347,0.003,0.0122,0.7877,0.0125,0.0315,neutral,0.7877,0,neutral
Light Sleeper,1992,LETOUR,dialogue,101,230,0.291907514,3,16,,0.0002,0.999,0.0007,neutral,0.999,0.1268,0.0542,0.0219,0.0078,0.0997,0.0097,0.6799,surprise,0.6799,0,neutral
Light Sleeper,1992,LETOUR,dialogue,102,232,0.2947976878612717,3,13,,0.0004,0.9979,0.0017,neutral,0.9979,0.0201,0.0205,0.0242,0.318,0.4252,0.0993,0.0927,neutral,0.4252,0,neutral
Light Sleeper,1992,LETOUR,dialogue,103,234,0.2976878612716763,3,11,,0.0002,0.9991,0.0007,neutral,0.9991,0.1754,0.0572,0.0325,0.0075,0.1812,0.0129,0.5332,surprise,0.5332,0,neutral
Light Sleeper,1992,LETOUR,dialogue,104,236,0.3005780346820809,1,5,,0.0011,0.9981,0.0009,neutral,0.9981,0.0216,0.0115,0.0047,0.0931,0.8489,0.0059,0.0142,neutral,0.8489,0,neutral
Light Sleeper,1992,LETOUR,dialogue,105,239,0.3034682080924855,2,9,,0.0004,0.9988,0.0009,neutral,0.9988,0.0071,0.0023,0.0019,0.02,0.8929,0.0024,0.0733,neutral,0.8929,0.2263,positive
Light Sleeper,1992,LETOUR,dialogue,106,241,0.3063583815028902,2,9,,0.0007,0.9977,0.0016,neutral,0.9977,0.0032,0.0043,0.0027,0.06,0.8549,0.0104,0.0647,neutral,0.8549,0,neutral
Light Sleeper,1992,LETOUR,dialogue,107,243,0.3092485549132948,4,18,,0.0004,0.9991,0.0005,neutral,0.9991,0.053,0.0192,0.0239,0.0042,0.3014,0.0107,0.5876,surprise,0.5876,0,neutral
Light Sleeper,1992,LETOUR,dialogue,108,245,0.3121387283236994,2,9,,0.0031,0.99,0.0069,neutral,0.99,0.0342,0.0134,0.0149,0.0086,0.9132,0.0035,0.0122,neutral,0.9132,0,neutral
Light Sleeper,1992,LETOUR,dialogue,109,247,0.315028902,1,6,,0.0002,0.9993,0.0005,neutral,0.9993,0.0259,0.0089,0.0103,0.0059,0.2912,0.0044,0.6533,surprise,0.6533,0,neutral
Light Sleeper,1992,LETOUR,dialogue,110,249,0.3179190751445087,9,47,,0.9166,0.0827,0.0006,negative,0.9166,0.0287,0.0082,0.009,0.011,0.0524,0.0088,0.8819,surprise,0.8819,-0.5362,negative
Light Sleeper,1992,LETOUR,dialogue,111,251,0.3208092485549133,1,8,,0.0002,0.9993,0.0005,neutral,0.9993,0.0178,0.0066,0.0159,0.0042,0.0489,0.0087,0.898,surprise,0.898,-0.0772,negative
Light Sleeper,1992,LETOUR,dialogue,112,253,0.3236994219653179,4,14,,0.0002,0.999,0.0008,neutral,0.999,0.0422,0.0119,0.0419,0.0183,0.4916,0.232,0.162,neutral,0.4916,0,neutral
Light Sleeper,1992,LETOUR,dialogue,113,255,0.3265895953757225,13,65,,0.001,0.0004,0.9985,positive,0.9985,0.0037,0.0059,0.0094,0.0146,0.0138,0.9244,0.0282,sadness,0.9244,0.2975,positive
Light Sleeper,1992,LETOUR,dialogue,114,258,0.3294797687861271,8,40,,0.9935,0.0062,0.0003,negative,0.9935,0.0042,0.0026,0.0051,0.0051,0.0122,0.9194,0.0514,sadness,0.9194,-0.0772,negative
Light Sleeper,1992,LETOUR,dialogue,115,260,0.3323699421965317,2,14,,0.0009,0.9981,0.001,neutral,0.9981,0.0166,0.0412,0.0692,0.003,0.1361,0.0622,0.6717,surprise,0.6717,0,neutral
Light Sleeper,1992,LETOUR,dialogue,116,264,0.3352601156069364,5,23,,0.9978,0.0016,0.0006,negative,0.9978,0.0126,0.0297,0.0235,0.0061,0.1385,0.7639,0.0257,sadness,0.7639,-0.5777,negative
Light Sleeper,1992,LETOUR,dialogue,117,267,0.338150289,16,88,,0.0003,0.9977,0.002,neutral,0.9977,0.0047,0.0097,0.0029,0.108,0.8489,0.0115,0.0144,neutral,0.8489,0.3818,positive
Light Sleeper,1992,LETOUR,dialogue,118,273,0.3410404624277456,7,34,,0.0165,0.5409,0.4426,neutral,0.5409,0.0922,0.0598,0.0157,0.3079,0.4981,0.0134,0.0129,neutral,0.4981,0.4215,positive
Light Sleeper,1992,LETOUR,dialogue,119,274,0.3439306358381503,4,16,,0.0002,0.0002,0.9996,positive,0.9996,0.0027,0.0041,0.0011,0.836,0.1236,0.0083,0.0243,joy,0.836,0.3612,positive
Light Sleeper,1992,LETOUR,dialogue,120,276,0.3468208092485549,5,24,,0.8904,0.1075,0.0021,negative,0.8904,0.0163,0.0354,0.0267,0.004,0.2818,0.2519,0.3839,surprise,0.3839,-0.5106,negative
Light Sleeper,1992,LETOUR,dialogue,121,278,0.3497109826589595,2,12,,0.0002,0.9992,0.0005,neutral,0.9992,0.0159,0.0064,0.0065,0.0066,0.0433,0.0045,0.9169,surprise,0.9169,0,neutral
Light Sleeper,1992,LETOUR,dialogue,122,280,0.3526011560693641,9,44,,0.0002,0.9991,0.0007,neutral,0.9991,0.1247,0.0304,0.0274,0.0093,0.0719,0.0107,0.7256,surprise,0.7256,0,neutral
Light Sleeper,1992,LETOUR,dialogue,123,282,0.3554913294797688,9,58,,0.0002,0.9992,0.0005,neutral,0.9992,0.0224,0.0101,0.0038,0.0113,0.1212,0.0037,0.8277,surprise,0.8277,0,neutral
Light Sleeper,1992,LETOUR,dialogue,124,284,0.3583815028901734,12,65,,0.0002,0.9989,0.0009,neutral,0.9989,0.0472,0.0233,0.0357,0.0088,0.2387,0.0137,0.6327,surprise,0.6327,-0.2755,negative
Light Sleeper,1992,LETOUR,dialogue,125,286,0.361271676,4,21,,0.0008,0.9978,0.0015,neutral,0.9978,0.0382,0.9077,0.0054,0.0142,0.0141,0.0174,0.0029,disgust,0.9077,0,neutral
Light Sleeper,1992,LETOUR,dialogue,126,288,0.3641618497109826,7,44,,0.0002,0.9987,0.0011,neutral,0.9987,0.0039,0.0078,0.0011,0.0157,0.9477,0.0078,0.0161,neutral,0.9477,0.4019,positive
Light Sleeper,1992,LETOUR,dialogue,127,290,0.3670520231213873,3,16,,0.0005,0.9951,0.0044,neutral,0.9951,0.0047,0.0031,0.001,0.0075,0.947,0.0063,0.0304,neutral,0.947,0,neutral
Light Sleeper,1992,LETOUR,dialogue,128,292,0.3699421965317919,9,42,,0.0002,0.9988,0.001,neutral,0.9988,0.0451,0.0324,0.0291,0.0082,0.7966,0.0309,0.0577,neutral,0.7966,0,neutral
Light Sleeper,1992,LETOUR,dialogue,129,294,0.3728323699421965,3,14,,0.0002,0.0002,0.9996,positive,0.9996,0.001,0.0026,0.0002,0.9865,0.0041,0.002,0.0037,joy,0.9865,0.5719,positive
Light Sleeper,1992,LETOUR,dialogue,130,296,0.3757225433526011,17,98,,0.0001,0.0002,0.9996,positive,0.9996,0.0021,0.0028,0.0004,0.9701,0.0151,0.0023,0.0072,joy,0.9701,0.8481,positive
Light Sleeper,1992,LETOUR,dialogue,131,298,0.3786127167630058,2,15,,0.9992,0.0006,0.0002,negative,0.9992,0.4471,0.29,0.007,0.0088,0.2337,0.0062,0.0073,anger,0.4471,-0.1531,negative
Light Sleeper,1992,LETOUR,dialogue,132,300,0.3815028901734104,3,14,,0.0002,0.0002,0.9996,positive,0.9996,0.001,0.0026,0.0002,0.9865,0.0041,0.002,0.0037,joy,0.9865,0.5719,positive
Light Sleeper,1992,LETOUR,dialogue,133,302,0.384393064,4,15,,0.0008,0.9987,0.0006,neutral,0.9987,0.1025,0.0505,0.054,0.0067,0.2348,0.1731,0.3785,surprise,0.3785,0,neutral
Light Sleeper,1992,LETOUR,dialogue,134,304,0.3872832369942196,3,13,,0.0132,0.9849,0.0019,neutral,0.9849,0.2729,0.0131,0.0285,0.1794,0.2752,0.0057,0.2253,neutral,0.2752,0,neutral
Light Sleeper,1992,LETOUR,dialogue,135,306,0.3901734104046243,2,4,,0.0005,0.9987,0.0008,neutral,0.9987,0.2027,0.0769,0.3154,0.0102,0.2328,0.0856,0.0763,fear,0.3154,0,neutral
Light Sleeper,1992,LETOUR,dialogue,136,308,0.3930635838150289,6,25,,0.8108,0.1871,0.0021,negative,0.8108,0.3161,0.0814,0.1561,0.0335,0.1624,0.2145,0.0359,anger,0.3161,0.2732,positive
Light Sleeper,1992,LETOUR,dialogue,137,310,0.3959537572254335,4,16,,0.0002,0.0005,0.9993,positive,0.9993,0.0164,0.003,0.0047,0.0318,0.081,0.0035,0.8597,surprise,0.8597,0.6369,positive
Light Sleeper,1992,LETOUR,dialogue,138,312,0.3988439306358382,3,14,,0.0023,0.048,0.9498,positive,0.9498,0.0016,0.0019,0.0003,0.9637,0.0066,0.0026,0.0232,joy,0.9637,0.5719,positive
Light Sleeper,1992,LETOUR,dialogue,139,313,0.4017341040462427,8,44,,0.0006,0.9986,0.0007,neutral,0.9986,0.0538,0.0071,0.0096,0.2457,0.3967,0.0308,0.2563,neutral,0.3967,0,neutral
Light Sleeper,1992,LETOUR,dialogue,140,314,0.4046242774566474,10,54,,0.9952,0.0041,0.0007,negative,0.9952,0.0117,0.0097,0.0069,0.0069,0.0813,0.8382,0.0453,sadness,0.8382,0,neutral
Light Sleeper,1992,LETOUR,dialogue,141,316,0.407514451,2,10,,0.0273,0.961,0.0117,neutral,0.961,0.0114,0.0072,0.0078,0.0385,0.6702,0.0068,0.2581,neutral,0.6702,0.4215,positive
Light Sleeper,1992,LETOUR,dialogue,142,318,0.4104046242774566,1,5,,0.0006,0.9917,0.0077,neutral,0.9917,0.0409,0.1536,0.0101,0.0282,0.7186,0.0335,0.0152,neutral,0.7186,0.296,positive
Light Sleeper,1992,LETOUR,dialogue,143,321,0.4132947976878612,9,40,,0.0016,0.9903,0.0081,neutral,0.9903,0.0439,0.0058,0.0625,0.0559,0.7156,0.0053,0.1109,neutral,0.7156,0,neutral
Light Sleeper,1992,LETOUR,dialogue,144,323,0.4161849710982659,8,42,,0.0044,0.9922,0.0034,neutral,0.9922,0.0313,0.0084,0.008,0.0082,0.9253,0.003,0.0159,neutral,0.9253,0,neutral
Light Sleeper,1992,LETOUR,dialogue,145,325,0.4190751445086705,2,12,,0.042,0.9507,0.0072,neutral,0.9507,0.0267,0.0154,0.0472,0.0068,0.1748,0.6751,0.0539,sadness,0.6751,-0.0772,negative
Light Sleeper,1992,LETOUR,dialogue,146,327,0.4219653179190751,3,14,,0.9986,0.0007,0.0007,negative,0.9986,0.1145,0.0628,0.0157,0.1184,0.0749,0.0139,0.5998,surprise,0.5998,-0.34,negative
Light Sleeper,1992,LETOUR,dialogue,147,329,0.4248554913294797,3,14,,0.0003,0.9988,0.0009,neutral,0.9988,0.012,0.0117,0.0287,0.0509,0.868,0.0127,0.016,neutral,0.868,0,neutral
Light Sleeper,1992,LETOUR,voice_over,148,330,0.4277456647398844,67,344,,0.0016,0.9949,0.0035,neutral,0.9949,0.0349,0.0461,0.0159,0.12,0.5993,0.0648,0.119,neutral,0.5993,0.7033,positive
Light Sleeper,1992,LETOUR,dialogue,149,332,0.430635838,14,70,,0.0004,0.9991,0.0005,neutral,0.9991,0.0079,0.0129,0.0045,0.0032,0.8625,0.0222,0.0868,neutral,0.8625,-0.2411,negative
Light Sleeper,1992,LETOUR,dialogue,150,334,0.4335260115606936,15,67,,0.0004,0.9991,0.0005,neutral,0.9991,0.0185,0.0619,0.0067,0.0019,0.8555,0.0244,0.031,neutral,0.8555,0,neutral
Light Sleeper,1992,LETOUR,dialogue,151,336,0.4364161849710982,10,59,,0.0003,0.9992,0.0005,neutral,0.9992,0.1327,0.0312,0.039,0.008,0.5539,0.0478,0.1874,neutral,0.5539,0,neutral
Light Sleeper,1992,LETOUR,dialogue,152,338,0.4393063583815029,5,20,,0.1389,0.8558,0.0053,neutral,0.8558,0.0076,0.0057,0.0117,0.0081,0.0781,0.849,0.0399,sadness,0.849,0.6597,positive
Light Sleeper,1992,LETOUR,dialogue,153,340,0.4421965317919075,20,99,,0.0003,0.999,0.0007,neutral,0.999,0.0185,0.0089,0.0124,0.0452,0.6978,0.0133,0.2039,neutral,0.6978,0.3291,positive
Light Sleeper,1992,LETOUR,dialogue,154,342,0.4450867052023121,8,37,,0.0003,0.999,0.0008,neutral,0.999,0.0064,0.0076,0.0018,0.003,0.9445,0.0072,0.0295,neutral,0.9445,0,neutral
Light Sleeper,1992,LETOUR,dialogue,155,344,0.4479768786127168,2,9,,0.0002,0.9992,0.0006,neutral,0.9992,0.0319,0.0079,0.0118,0.015,0.4082,0.0058,0.5194,surprise,0.5194,0,neutral
Light Sleeper,1992,LETOUR,dialogue,156,346,0.4508670520231214,2,10,,0.0002,0.9991,0.0007,neutral,0.9991,0.0408,0.007,0.1524,0.01,0.0798,0.0167,0.6933,surprise,0.6933,0,neutral
Light Sleeper,1992,LETOUR,dialogue,157,348,0.453757225,14,73,,0.0002,0.9984,0.0014,neutral,0.9984,0.0055,0.006,0.0053,0.0052,0.956,0.0128,0.0091,neutral,0.956,0,neutral
Light Sleeper,1992,LETOUR,dialogue,158,350,0.4566473988439306,10,60,,0.0002,0.9986,0.0012,neutral,0.9986,0.0053,0.0081,0.0046,0.0101,0.9429,0.0103,0.0187,neutral,0.9429,0,neutral
Light Sleeper,1992,LETOUR,dialogue,159,352,0.4595375722543353,3,16,,0.0006,0.9985,0.0009,neutral,0.9985,0.0646,0.2223,0.0069,0.0085,0.6803,0.0065,0.0109,neutral,0.6803,0,neutral
Light Sleeper,1992,LETOUR,dialogue,160,354,0.4624277456647399,7,40,,0.0012,0.9982,0.0005,neutral,0.9982,0.0539,0.012,0.1176,0.0056,0.0462,0.0097,0.755,surprise,0.755,0.5514,positive
Light Sleeper,1992,LETOUR,dialogue,161,356,0.4653179190751445,3,14,,0.0003,0.9992,0.0006,neutral,0.9992,0.0126,0.0051,0.0027,0.0208,0.1598,0.0025,0.7965,surprise,0.7965,0.3818,positive
Light Sleeper,1992,LETOUR,dialogue,162,360,0.4682080924855491,6,25,,0.0002,0.9981,0.0017,neutral,0.9981,0.1108,0.0179,0.0507,0.0915,0.6506,0.0273,0.0513,neutral,0.6506,0,neutral
Light Sleeper,1992,LETOUR,dialogue,163,362,0.4710982658959537,4,24,,0.0022,0.2794,0.7184,positive,0.7184,0.0083,0.0113,0.0207,0.0923,0.7447,0.0805,0.0421,neutral,0.7447,0,neutral
Light Sleeper,1992,LETOUR,dialogue,164,364,0.4739884393063583,15,69,,0.0007,0.9987,0.0006,neutral,0.9987,0.0128,0.004,0.0069,0.0492,0.8855,0.0167,0.0249,neutral,0.8855,0.0772,positive
Light Sleeper,1992,LETOUR,dialogue,165,365,0.476878613,3,15,,0.9975,0.0022,0.0004,negative,0.9975,0.0192,0.0282,0.025,0.0039,0.0404,0.844,0.0393,sadness,0.844,-0.0772,negative
Light Sleeper,1992,LETOUR,dialogue,166,366,0.4797687861271676,27,136,,0.9989,0.0008,0.0003,negative,0.9989,0.6014,0.1022,0.0715,0.0039,0.0317,0.1793,0.0099,anger,0.6014,-0.9186,negative
Light Sleeper,1992,LETOUR,dialogue,167,368,0.4826589595375722,20,97,,0.9958,0.0037,0.0005,negative,0.9958,0.0024,0.0015,0.003,0.0073,0.0165,0.9505,0.0188,sadness,0.9505,-0.1531,negative
Light Sleeper,1992,LETOUR,dialogue,168,370,0.4855491329479768,7,36,,0.999,0.0007,0.0003,negative,0.999,0.1098,0.0134,0.6107,0.0042,0.0294,0.0455,0.1869,fear,0.6107,-0.6597,negative
Light Sleeper,1992,LETOUR,dialogue,169,371,0.4884393063583815,1,8,,0.9991,0.0006,0.0003,negative,0.9991,0.2417,0.7324,0.0025,0.0008,0.0174,0.0044,0.0007,disgust,0.7324,-0.4767,negative
Light Sleeper,1992,LETOUR,dialogue,170,373,0.4913294797687861,1,5,,0.0044,0.9951,0.0005,neutral,0.9951,0.0153,0.0147,0.0077,0.0047,0.0198,0.0025,0.9353,surprise,0.9353,0,neutral
Light Sleeper,1992,LETOUR,dialogue,171,375,0.4942196531791907,8,39,,0.0012,0.0057,0.9931,positive,0.9931,0.0651,0.0361,0.2939,0.3319,0.1964,0.0344,0.0422,joy,0.3319,0.6369,positive
Light Sleeper,1992,LETOUR,dialogue,172,377,0.4971098265895953,4,20,,0.9598,0.037,0.0032,negative,0.9598,0.0841,0.0792,0.005,0.021,0.7873,0.0181,0.0053,neutral,0.7873,0.0772,positive
Light Sleeper,1992,LETOUR,dialogue,173,379,0.5,7,39,,0.0002,0.9989,0.0009,neutral,0.9989,0.0621,0.71,0.0105,0.0049,0.175,0.0043,0.0331,disgust,0.71,0.2944,positive
Light Sleeper,1992,LETOUR,dialogue,174,381,0.5028901734104047,3,15,,0.0015,0.9981,0.0005,neutral,0.9981,0.0321,0.0742,0.0589,0.0027,0.7059,0.1019,0.0241,neutral,0.7059,0,neutral
Light Sleeper,1992,LETOUR,dialogue,175,383,0.5057803468208093,8,43,,0.0072,0.0471,0.9457,positive,0.9457,0.0196,0.056,0.0335,0.0127,0.4108,0.3808,0.0865,neutral,0.4108,-0.2755,negative
Light Sleeper,1992,LETOUR,dialogue,176,385,0.5086705202312138,1,4,,0.0006,0.0013,0.9982,positive,0.9982,0.0041,0.0035,0.0068,0.0182,0.0196,0.0039,0.9441,surprise,0.9441,0.5859,positive
Light Sleeper,1992,LETOUR,dialogue,177,387,0.5115606936416185,2,16,,0.9859,0.0136,0.0005,negative,0.9859,0.1093,0.1458,0.027,0.0092,0.6223,0.0746,0.0118,neutral,0.6223,-0.2263,negative
Light Sleeper,1992,LETOUR,dialogue,178,388,0.5144508670520231,3,17,,0.0002,0.0003,0.9995,positive,0.9995,0.06,0.0577,0.0149,0.3241,0.5282,0.0045,0.0105,neutral,0.5282,0.8126,positive
Light Sleeper,1992,LETOUR,dialogue,179,390,0.5173410404624278,1,9,,0.0018,0.3456,0.6526,positive,0.6526,0.0291,0.0102,0.0269,0.0547,0.8604,0.0084,0.0104,neutral,0.8604,0,neutral
Light Sleeper,1992,LETOUR,dialogue,180,391,0.5202312138728323,5,20,,0.0003,0.9992,0.0006,neutral,0.9992,0.0616,0.024,0.0222,0.0038,0.2805,0.0131,0.5948,surprise,0.5948,0,neutral
Light Sleeper,1992,LETOUR,dialogue,181,393,0.523121387,1,11,,0.0007,0.9988,0.0005,neutral,0.9988,0.0101,0.0299,0.0149,0.0105,0.6412,0.0208,0.2726,neutral,0.6412,0,neutral
Light Sleeper,1992,LETOUR,dialogue,182,395,0.5260115606936416,3,11,,0.0002,0.0002,0.9996,positive,0.9996,0.0041,0.0045,0.0034,0.8337,0.069,0.0712,0.0141,joy,0.8337,0.6369,positive
Light Sleeper,1992,LETOUR,dialogue,183,397,0.5289017341040463,5,21,,0.0349,0.9637,0.0014,neutral,0.9637,0.1101,0.0394,0.0741,0.007,0.4052,0.1595,0.2047,neutral,0.4052,0,neutral
Light Sleeper,1992,LETOUR,dialogue,184,399,0.5317919075144508,2,15,,0.0002,0.9992,0.0005,neutral,0.9992,0.0979,0.0612,0.073,0.004,0.2249,0.3419,0.197,sadness,0.3419,0,neutral
Light Sleeper,1992,LETOUR,dialogue,185,401,0.5346820809248555,4,19,,0.9718,0.0247,0.0034,negative,0.9718,0.051,0.0291,0.0339,0.0026,0.7598,0.0539,0.0697,neutral,0.7598,-0.296,negative
Light Sleeper,1992,LETOUR,dialogue,186,403,0.5375722543352601,3,13,,0.0002,0.9991,0.0007,neutral,0.9991,0.0737,0.0372,0.0133,0.0046,0.2587,0.0121,0.6005,surprise,0.6005,0,neutral
Light Sleeper,1992,LETOUR,dialogue,187,405,0.5404624277456648,8,36,,0.0008,0.0014,0.9978,positive,0.9978,0.0483,0.048,0.0182,0.1201,0.2499,0.4942,0.0214,sadness,0.4942,0.743,positive
Light Sleeper,1992,LETOUR,dialogue,188,407,0.5433526011560693,5,28,,0.0002,0.999,0.0009,neutral,0.999,0.0263,0.0116,0.0262,0.0148,0.7166,0.0258,0.1787,neutral,0.7166,0,neutral
Light Sleeper,1992,LETOUR,dialogue,189,409,0.546242775,2,11,,0.001,0.9981,0.0008,neutral,0.9981,0.011,0.0186,0.0229,0.0402,0.818,0.0366,0.0528,neutral,0.818,0,neutral
Light Sleeper,1992,LETOUR,dialogue,190,411,0.5491329479768786,2,8,,0.774,0.2175,0.0085,negative,0.774,0.058,0.0698,0.1735,0.0028,0.4594,0.2047,0.0318,neutral,0.4594,0,neutral
Light Sleeper,1992,LETOUR,dialogue,191,413,0.5520231213872833,24,144,,0.0008,0.9977,0.0015,neutral,0.9977,0.0356,0.0718,0.0244,0.0057,0.6823,0.0067,0.1736,neutral,0.6823,0,neutral
Light Sleeper,1992,LETOUR,dialogue,192,415,0.5549132947976878,5,28,,0.0002,0.9991,0.0007,neutral,0.9991,0.0076,0.0189,0.0048,0.0206,0.7672,0.0139,0.167,neutral,0.7672,0.128,positive
Light Sleeper,1992,LETOUR,dialogue,193,417,0.5578034682080925,10,48,,0.0004,0.9989,0.0008,neutral,0.9989,0.0117,0.0046,0.0042,0.0228,0.9226,0.0226,0.0114,neutral,0.9226,-0.0516,negative
Light Sleeper,1992,LETOUR,dialogue,194,419,0.5606936416184971,8,41,,0.0002,0.9987,0.0011,neutral,0.9987,0.0077,0.0019,0.0075,0.0134,0.9262,0.0053,0.0381,neutral,0.9262,0.2023,positive
Light Sleeper,1992,LETOUR,dialogue,195,421,0.5635838150289018,5,27,,0.0064,0.1325,0.8611,positive,0.8611,0.0092,0.0064,0.0045,0.0782,0.8859,0.0076,0.0082,neutral,0.8859,0.4939,positive
Light Sleeper,1992,LETOUR,voice_over,196,422,0.5664739884393064,35,183,,0.0011,0.9978,0.0012,neutral,0.9978,0.0068,0.0282,0.0304,0.0052,0.0488,0.0055,0.8753,surprise,0.8753,-0.2023,negative
Light Sleeper,1992,LETOUR,dialogue,197,424,0.569364162,3,22,,0.0002,0.999,0.0007,neutral,0.999,0.0685,0.246,0.0135,0.0093,0.6397,0.0168,0.0063,neutral,0.6397,0.3182,positive
Light Sleeper,1992,LETOUR,dialogue,198,429,0.5722543352601156,2,14,,0.0006,0.9983,0.0012,neutral,0.9983,0.0149,0.0251,0.0135,0.0169,0.8721,0.0203,0.0373,neutral,0.8721,0,neutral
Light Sleeper,1992,LETOUR,dialogue,199,432,0.5751445086705202,4,24,,0.0005,0.9986,0.001,neutral,0.9986,0.0037,0.0024,0.002,0.0497,0.6426,0.0741,0.2256,neutral,0.6426,0,neutral
Light Sleeper,1992,LETOUR,dialogue,200,434,0.5780346820809249,6,34,,0.0003,0.9992,0.0005,neutral,0.9992,0.0398,0.0237,0.0082,0.0027,0.6096,0.0103,0.3058,neutral,0.6096,0.0258,neutral
Light Sleeper,1992,LETOUR,dialogue,201,436,0.5809248554913294,2,10,,0.0006,0.9986,0.0008,neutral,0.9986,0.006,0.0047,0.0029,0.1289,0.812,0.0082,0.0374,neutral,0.812,0.3612,positive
Light Sleeper,1992,LETOUR,dialogue,202,438,0.5838150289017341,7,39,,0.0013,0.998,0.0006,neutral,0.998,0.0031,0.006,0.0033,0.0092,0.9366,0.0159,0.026,neutral,0.9366,0,neutral
Light Sleeper,1992,LETOUR,dialogue,203,441,0.5867052023121387,8,51,,0.0002,0.9985,0.0013,neutral,0.9985,0.0046,0.0023,0.0019,0.0052,0.9487,0.0118,0.0255,neutral,0.9487,0,neutral
Light Sleeper,1992,LETOUR,dialogue,204,443,0.5895953757225434,5,35,,0.0003,0.9993,0.0004,neutral,0.9993,0.0279,0.0583,0.0497,0.0034,0.3112,0.3856,0.1639,sadness,0.3856,-0.3612,negative
Light Sleeper,1992,LETOUR,dialogue,205,445,0.5924855491329479,2,10,,0.0006,0.9986,0.0008,neutral,0.9986,0.006,0.0047,0.0029,0.1289,0.812,0.0082,0.0374,neutral,0.812,0.3612,positive
Light Sleeper,1992,LETOUR,dialogue,206,447,0.5953757225433526,5,24,,0.0002,0.9991,0.0007,neutral,0.9991,0.0297,0.0186,0.0234,0.0054,0.8936,0.0172,0.012,neutral,0.8936,0.4019,positive
Light Sleeper,1992,LETOUR,dialogue,207,449,0.5982658959537572,13,59,,0.0007,0.9987,0.0006,neutral,0.9987,0.0163,0.0084,0.0109,0.0093,0.1844,0.0088,0.7619,surprise,0.7619,0.6041,positive
Light Sleeper,1992,LETOUR,dialogue,208,451,0.6011560693641619,5,20,,0.0003,0.999,0.0007,neutral,0.999,0.047,0.0287,0.0233,0.0028,0.7397,0.0398,0.1187,neutral,0.7397,0,neutral
Light Sleeper,1992,LETOUR,dialogue,209,453,0.6040462427745664,3,11,,0.0002,0.9991,0.0007,neutral,0.9991,0.1754,0.0572,0.0325,0.0075,0.1812,0.0129,0.5332,surprise,0.5332,0,neutral
Light Sleeper,1992,LETOUR,dialogue,210,455,0.6069364161849711,20,94,,0.0002,0.9987,0.0011,neutral,0.9987,0.0857,0.0214,0.0395,0.0051,0.8232,0.015,0.0102,neutral,0.8232,0.4215,positive
Light Sleeper,1992,LETOUR,dialogue,211,457,0.6098265895953757,5,24,,0.9929,0.0064,0.0007,negative,0.9929,0.0204,0.0579,0.0123,0.0013,0.8367,0.05,0.0213,neutral,0.8367,0,neutral
Light Sleeper,1992,LETOUR,dialogue,212,459,0.6127167630057804,11,55,,0.0094,0.9898,0.0008,neutral,0.9898,0.0392,0.0289,0.0309,0.0046,0.2139,0.5939,0.0887,sadness,0.5939,0.6597,positive
Light Sleeper,1992,LETOUR,dialogue,213,462,0.615606936,1,11,,0.0007,0.9988,0.0005,neutral,0.9988,0.0101,0.0299,0.0149,0.0105,0.6412,0.0208,0.2726,neutral,0.6412,0,neutral
Light Sleeper,1992,LETOUR,dialogue,214,464,0.6184971098265896,1,11,,0.0007,0.9988,0.0005,neutral,0.9988,0.0101,0.0299,0.0149,0.0105,0.6412,0.0208,0.2726,neutral,0.6412,0,neutral
Light Sleeper,1992,LETOUR,dialogue,215,466,0.6213872832369942,2,11,,0.0011,0.9983,0.0006,neutral,0.9983,0.0913,0.1,0.0935,0.0021,0.3141,0.0922,0.3069,neutral,0.3141,0,neutral
Light Sleeper,1992,LETOUR,dialogue,216,468,0.6242774566473989,1,7,,0.0002,0.9979,0.0018,neutral,0.9979,0.0542,0.2723,0.0625,0.0059,0.3164,0.1509,0.1378,neutral,0.3164,0,neutral
Light Sleeper,1992,LETOUR,dialogue,217,470,0.6271676300578035,3,12,,0.0003,0.9991,0.0006,neutral,0.9991,0.0097,0.0044,0.0051,0.0262,0.553,0.0132,0.3884,neutral,0.553,0,neutral
Light Sleeper,1992,LETOUR,dialogue,218,472,0.630057803,15,76,,0.0003,0.9989,0.0008,neutral,0.9989,0.0207,0.0174,0.0159,0.0036,0.8954,0.018,0.029,neutral,0.8954,0.2144,positive
Light Sleeper,1992,LETOUR,dialogue,219,474,0.6329479768786127,3,10,,0.0004,0.9983,0.0013,neutral,0.9983,0.0066,0.0152,0.0043,0.039,0.7254,0.0051,0.2043,neutral,0.7254,0,neutral
Light Sleeper,1992,LETOUR,dialogue,220,476,0.6358381502890174,13,67,,0.0006,0.9986,0.0007,neutral,0.9986,0.0069,0.023,0.0123,0.0064,0.8291,0.0359,0.0865,neutral,0.8291,0,neutral
Light Sleeper,1992,LETOUR,dialogue,221,479,0.638728324,1,3,,0.9983,0.0013,0.0004,negative,0.9983,0.1665,0.189,0.128,0.0106,0.4044,0.09,0.0114,neutral,0.4044,0,neutral
Light Sleeper,1992,LETOUR,dialogue,222,482,0.6416184971098265,18,98,,0.0012,0.9982,0.0006,neutral,0.9982,0.1937,0.3462,0.067,0.0032,0.2279,0.0598,0.1023,disgust,0.3462,-0.7783,negative
Light Sleeper,1992,LETOUR,dialogue,223,485,0.6445086705202312,1,3,,0.9983,0.0013,0.0004,negative,0.9983,0.1665,0.189,0.128,0.0106,0.4044,0.09,0.0114,neutral,0.4044,0,neutral
Light Sleeper,1992,LETOUR,dialogue,224,487,0.6473988439306358,35,169,,0.9858,0.0134,0.0008,negative,0.9858,0.1999,0.0754,0.0197,0.0164,0.2849,0.0255,0.3782,surprise,0.3782,0.4678,positive
Light Sleeper,1992,LETOUR,dialogue,225,490,0.6502890173410405,2,7,,0.0036,0.9948,0.0016,neutral,0.9948,0.028,0.0373,0.0186,0.0471,0.7978,0.0445,0.0267,neutral,0.7978,0,neutral
Light Sleeper,1992,LETOUR,dialogue,226,493,0.653179191,2,8,,0.0002,0.9993,0.0005,neutral,0.9993,0.0418,0.0137,0.0164,0.0067,0.152,0.0061,0.7633,surprise,0.7633,0,neutral
Light Sleeper,1992,LETOUR,dialogue,227,495,0.6560693641618497,6,31,,0.0005,0.999,0.0004,neutral,0.999,0.1436,0.4554,0.1052,0.0018,0.1601,0.0711,0.0628,disgust,0.4554,-0.6908,negative
Light Sleeper,1992,LETOUR,dialogue,228,499,0.6589595375722543,1,3,,0.9983,0.0013,0.0004,negative,0.9983,0.1665,0.189,0.128,0.0106,0.4044,0.09,0.0114,neutral,0.4044,0,neutral
Light Sleeper,1992,LETOUR,dialogue,229,504,0.661849711,8,40,,0.0005,0.9984,0.0011,neutral,0.9984,0.0406,0.0303,0.0071,0.0291,0.8768,0.0118,0.0043,neutral,0.8768,0.25,positive
Light Sleeper,1992,LETOUR,dialogue,230,507,0.6647398843930635,2,10,,0.9988,0.0007,0.0004,negative,0.9988,0.6841,0.2574,0.0041,0.0014,0.0443,0.007,0.0017,anger,0.6841,-0.2263,negative
Light Sleeper,1992,LETOUR,dialogue,231,510,0.6676300578034682,4,28,,0.0169,0.6413,0.3419,neutral,0.6413,0.0152,0.0116,0.0023,0.0149,0.0271,0.0023,0.9266,surprise,0.9266,0.5267,positive
Light Sleeper,1992,LETOUR,dialogue,232,512,0.6705202312138728,4,25,,0.001,0.9978,0.0012,neutral,0.9978,0.0387,0.0259,0.021,0.0444,0.6998,0.1299,0.0404,neutral,0.6998,0,neutral
Light Sleeper,1992,LETOUR,dialogue,233,514,0.6734104046242775,19,97,,0.0002,0.9982,0.0016,neutral,0.9982,0.0175,0.0148,0.0053,0.0186,0.8938,0.0216,0.0285,neutral,0.8938,0.296,positive
Light Sleeper,1992,LETOUR,dialogue,234,516,0.6763005780346821,6,31,,0.0002,0.9991,0.0007,neutral,0.9991,0.0058,0.0023,0.0042,0.0778,0.5814,0.0102,0.3182,neutral,0.5814,0.3612,positive
Light Sleeper,1992,LETOUR,dialogue,235,518,0.6791907514450867,33,190,,0.0017,0.1336,0.8648,positive,0.8648,0.0103,0.0052,0.8347,0.0065,0.0865,0.027,0.0298,fear,0.8347,0.743,positive
Light Sleeper,1992,LETOUR,dialogue,236,519,0.6820809248554913,3,14,,0.0003,0.9968,0.0029,neutral,0.9968,0.0086,0.0074,0.0076,0.02,0.8634,0.0396,0.0534,neutral,0.8634,0,neutral
Light Sleeper,1992,LETOUR,dialogue,237,521,0.684971098,6,41,,0.0002,0.9992,0.0006,neutral,0.9992,0.0307,0.009,0.0081,0.0275,0.6042,0.019,0.3015,neutral,0.6042,0,neutral
Light Sleeper,1992,LETOUR,dialogue,238,527,0.6878612716763006,1,5,,0.0006,0.9917,0.0077,neutral,0.9917,0.0409,0.1536,0.0101,0.0282,0.7186,0.0335,0.0152,neutral,0.7186,0.296,positive
Light Sleeper,1992,LETOUR,dialogue,239,533,0.6907514450867052,1,5,,0.0044,0.9951,0.0005,neutral,0.9951,0.0153,0.0147,0.0077,0.0047,0.0198,0.0025,0.9353,surprise,0.9353,0,neutral
Light Sleeper,1992,LETOUR,dialogue,240,535,0.6936416184971098,4,23,,0.0007,0.9984,0.0009,neutral,0.9984,0.0878,0.0589,0.0636,0.008,0.4796,0.1112,0.1909,neutral,0.4796,0,neutral
Light Sleeper,1992,LETOUR,dialogue,241,537,0.6965317919075145,1,4,,0.0002,0.9957,0.004,neutral,0.9957,0.0207,0.0233,0.0117,0.0836,0.8396,0.0094,0.0115,neutral,0.8396,0.4019,positive
Light Sleeper,1992,LETOUR,dialogue,242,538,0.6994219653179191,1,9,,0.0005,0.9974,0.0021,neutral,0.9974,0.004,0.0067,0.0086,0.0051,0.9378,0.0078,0.0301,neutral,0.9378,0,neutral
Light Sleeper,1992,LETOUR,dialogue,243,542,0.7023121387283237,7,33,,0.0002,0.9991,0.0007,neutral,0.9991,0.0116,0.0038,0.0101,0.2367,0.4675,0.1582,0.1121,neutral,0.4675,0,neutral
Light Sleeper,1992,LETOUR,dialogue,244,544,0.7052023121387283,3,23,,0.0007,0.9972,0.0021,neutral,0.9972,0.0376,0.013,0.019,0.036,0.8515,0.0257,0.0172,neutral,0.8515,0.2023,positive
Light Sleeper,1992,LETOUR,dialogue,245,546,0.708092486,7,43,,0.0004,0.9989,0.0007,neutral,0.9989,0.0483,0.015,0.014,0.0127,0.8889,0.0057,0.0154,neutral,0.8889,0,neutral
Light Sleeper,1992,LETOUR,dialogue,246,547,0.7109826589595376,6,25,,0.0002,0.999,0.0008,neutral,0.999,0.2072,0.0166,0.0424,0.0528,0.6412,0.0062,0.0337,neutral,0.6412,0,neutral
Light Sleeper,1992,LETOUR,dialogue,247,549,0.7138728323699421,10,44,,0.0002,0.9989,0.0009,neutral,0.9989,0.0061,0.0036,0.0028,0.0521,0.8071,0.0034,0.1249,neutral,0.8071,0,neutral
Light Sleeper,1992,LETOUR,dialogue,248,551,0.7167630057803468,4,16,,0.0009,0.9983,0.0009,neutral,0.9983,0.2583,0.1127,0.0297,0.3921,0.1103,0.016,0.081,joy,0.3921,0.4019,positive
Light Sleeper,1992,LETOUR,dialogue,249,553,0.7196531791907514,5,28,,0.4652,0.5335,0.0013,neutral,0.5335,0.001,0.0004,0.0025,0.0026,0.0017,0.9867,0.005,sadness,0.9867,-0.5574,negative
Light Sleeper,1992,LETOUR,dialogue,250,555,0.7225433526011561,4,15,,0.0046,0.9945,0.0009,neutral,0.9945,0.0647,0.0052,0.8898,0.0013,0.0095,0.0097,0.0198,fear,0.8898,-0.5267,negative
Light Sleeper,1992,LETOUR,dialogue,251,557,0.7254335260115607,4,17,,0.0003,0.9991,0.0006,neutral,0.9991,0.4256,0.0309,0.3543,0.0072,0.09,0.0403,0.0518,anger,0.4256,0,neutral
Light Sleeper,1992,LETOUR,dialogue,252,559,0.7283236994219653,4,19,,0.0002,0.9987,0.0011,neutral,0.9987,0.0574,0.0342,0.0093,0.6164,0.1686,0.0374,0.0767,joy,0.6164,0.6249,positive
Light Sleeper,1992,LETOUR,dialogue,253,561,0.7312138728323699,5,18,,0.0003,0.999,0.0007,neutral,0.999,0.4137,0.0574,0.0673,0.0132,0.2602,0.0565,0.1318,anger,0.4137,0,neutral
Light Sleeper,1992,LETOUR,dialogue,254,564,0.7341040462427746,4,31,,0.0036,0.9957,0.0007,neutral,0.9957,0.2361,0.4029,0.0629,0.0031,0.2612,0.0264,0.0073,disgust,0.4029,0.3182,positive
Light Sleeper,1992,LETOUR,dialogue,255,567,0.7369942196531792,6,33,,0.0002,0.9989,0.001,neutral,0.9989,0.0503,0.0132,0.0336,0.0207,0.743,0.0291,0.1101,neutral,0.743,0,neutral
Light Sleeper,1992,LETOUR,dialogue,256,569,0.7398843930635838,12,65,,0.0004,0.999,0.0005,neutral,0.999,0.0233,0.004,0.0049,0.0133,0.9266,0.0059,0.022,neutral,0.9266,0,neutral
Light Sleeper,1992,LETOUR,dialogue,257,571,0.7427745664739884,6,34,,0.0976,0.8925,0.0099,neutral,0.8925,0.0149,0.0475,0.0038,0.009,0.8925,0.0127,0.0197,neutral,0.8925,0,neutral
Light Sleeper,1992,LETOUR,dialogue,258,573,0.7456647398843931,7,38,,0.0587,0.9404,0.0009,neutral,0.9404,0.002,0.0006,0.0039,0.0038,0.0061,0.962,0.0215,sadness,0.962,-0.5574,negative
Light Sleeper,1992,LETOUR,dialogue,259,575,0.7485549132947977,23,118,,0.9957,0.004,0.0004,negative,0.9957,0.1269,0.0728,0.0688,0.0028,0.5109,0.066,0.1518,neutral,0.5109,-0.0289,neutral
Light Sleeper,1992,LETOUR,dialogue,260,577,0.7514450867052023,5,27,,0.0002,0.9992,0.0006,neutral,0.9992,0.0356,0.0331,0.0181,0.0034,0.7259,0.0317,0.1522,neutral,0.7259,0,neutral
Light Sleeper,1992,LETOUR,dialogue,261,579,0.7543352601156069,15,76,,0.0003,0.9989,0.0008,neutral,0.9989,0.0219,0.0092,0.0034,0.0135,0.9219,0.0046,0.0255,neutral,0.9219,0,neutral
Light Sleeper,1992,LETOUR,dialogue,262,581,0.7572254335260116,4,16,,0.0003,0.9986,0.0011,neutral,0.9986,0.1004,0.017,0.0285,0.1776,0.6418,0.0142,0.0205,neutral,0.6418,0,neutral
Light Sleeper,1992,LETOUR,dialogue,263,583,0.7601156069364162,25,116,,0.0052,0.6177,0.3771,neutral,0.6177,0.0052,0.007,0.0122,0.0488,0.5906,0.3006,0.0357,neutral,0.5906,-0.0315,neutral
Light Sleeper,1992,LETOUR,dialogue,264,587,0.7630057803468208,2,6,,0.0002,0.9991,0.0006,neutral,0.9991,0.0695,0.0061,0.0769,0.0253,0.6431,0.0339,0.1453,neutral,0.6431,0,neutral
Light Sleeper,1992,LETOUR,dialogue,265,589,0.7658959537572254,11,59,,0.0002,0.9991,0.0007,neutral,0.9991,0.0236,0.0187,0.0119,0.0018,0.8491,0.0156,0.0794,neutral,0.8491,0,neutral
Light Sleeper,1992,LETOUR,dialogue,266,591,0.7687861271676301,1,3,,0.9983,0.0013,0.0004,negative,0.9983,0.1665,0.189,0.128,0.0106,0.4044,0.09,0.0114,neutral,0.4044,0,neutral
Light Sleeper,1992,LETOUR,dialogue,267,593,0.7716763005780347,1,8,,0.9944,0.0039,0.0017,negative,0.9944,0.2278,0.4338,0.0252,0.0016,0.263,0.0357,0.013,disgust,0.4338,0,neutral
Light Sleeper,1992,LETOUR,dialogue,268,595,0.7745664739884393,3,16,,0.8596,0.1393,0.0011,negative,0.8596,0.4025,0.0585,0.3324,0.0031,0.0723,0.021,0.1102,anger,0.4025,-0.4767,negative
Light Sleeper,1992,LETOUR,dialogue,269,597,0.7774566473988439,10,52,,0.0004,0.9989,0.0006,neutral,0.9989,0.0284,0.0136,0.0087,0.0023,0.883,0.0201,0.0439,neutral,0.883,0,neutral
Light Sleeper,1992,LETOUR,dialogue,270,599,0.7803468208092486,1,4,,0.0003,0.9961,0.0036,neutral,0.9961,0.019,0.0444,0.0101,0.0055,0.867,0.0261,0.0279,neutral,0.867,0,neutral
Light Sleeper,1992,LETOUR,dialogue,271,601,0.7832369942196532,1,5,,0.0003,0.9969,0.0028,neutral,0.9969,0.0401,0.1821,0.0627,0.0118,0.5642,0.0258,0.1134,neutral,0.5642,0,neutral
Light Sleeper,1992,LETOUR,dialogue,272,603,0.7861271676300579,6,32,,0.0002,0.9992,0.0006,neutral,0.9992,0.0463,0.0907,0.0104,0.0046,0.6716,0.0081,0.1684,neutral,0.6716,0.296,positive
Light Sleeper,1992,LETOUR,dialogue,273,605,0.7890173410404624,18,85,,0.0002,0.9991,0.0007,neutral,0.9991,0.1448,0.033,0.1863,0.019,0.2927,0.0383,0.2859,neutral,0.2927,0.6124,positive
Light Sleeper,1992,LETOUR,dialogue,274,607,0.791907514,3,12,,0.0005,0.9988,0.0007,neutral,0.9988,0.0418,0.0122,0.023,0.0289,0.6941,0.0168,0.1833,neutral,0.6941,0,neutral
Light Sleeper,1992,LETOUR,dialogue,275,609,0.7947976878612717,5,31,,0.9991,0.0006,0.0003,negative,0.9991,0.6674,0.1986,0.0097,0.0029,0.0558,0.0374,0.0283,anger,0.6674,-0.3182,negative
Light Sleeper,1992,LETOUR,dialogue,276,611,0.7976878612716763,3,10,,0.0002,0.9992,0.0006,neutral,0.9992,0.0143,0.0076,0.0037,0.0146,0.3304,0.0064,0.6229,surprise,0.6229,0,neutral
Light Sleeper,1992,LETOUR,dialogue,277,613,0.8005780346820809,1,6,,0.0002,0.0003,0.9995,positive,0.9995,0.0535,0.2312,0.021,0.4629,0.2126,0.01,0.0087,joy,0.4629,0.6249,positive
Light Sleeper,1992,LETOUR,dialogue,278,615,0.8034682080924855,5,38,,0.999,0.0007,0.0003,negative,0.999,0.2271,0.0719,0.0093,0.0147,0.5247,0.1086,0.0438,neutral,0.5247,-0.4588,negative
Light Sleeper,1992,LETOUR,dialogue,279,617,0.8063583815028902,2,14,,0.0025,0.9964,0.0011,neutral,0.9964,0.606,0.0786,0.1301,0.0047,0.0755,0.088,0.0171,anger,0.606,0,neutral
Light Sleeper,1992,LETOUR,dialogue,280,619,0.8092485549132948,1,4,,0.0007,0.9987,0.0006,neutral,0.9987,0.0361,0.0179,0.0215,0.0147,0.8455,0.0146,0.0496,neutral,0.8455,0,neutral
Light Sleeper,1992,LETOUR,dialogue,281,621,0.8121387283236994,2,14,,0.0002,0.9992,0.0006,neutral,0.9992,0.0085,0.0075,0.0024,0.0119,0.8118,0.0221,0.1358,neutral,0.8118,0,neutral
Light Sleeper,1992,LETOUR,dialogue,282,623,0.815028902,8,32,,0.0006,0.998,0.0014,neutral,0.998,0.0883,0.0229,0.0425,0.0157,0.476,0.301,0.0537,neutral,0.476,-0.4019,negative
Light Sleeper,1992,LETOUR,dialogue,283,625,0.8179190751445087,2,6,,0.0074,0.9883,0.0043,neutral,0.9883,0.0638,0.0331,0.8269,0.0014,0.0323,0.0091,0.0335,fear,0.8269,-0.34,negative
Light Sleeper,1992,LETOUR,dialogue,284,627,0.8208092485549133,7,38,,0.0593,0.9397,0.001,neutral,0.9397,0.1826,0.0212,0.0995,0.009,0.3382,0.0355,0.3141,neutral,0.3382,0,neutral
Light Sleeper,1992,LETOUR,dialogue,285,629,0.8236994219653179,5,23,,0.0002,0.9993,0.0005,neutral,0.9993,0.1457,0.049,0.0077,0.0333,0.652,0.0107,0.1015,neutral,0.652,0,neutral
Light Sleeper,1992,LETOUR,dialogue,286,631,0.8265895953757225,2,9,,0.0003,0.9991,0.0006,neutral,0.9991,0.0686,0.0257,0.0235,0.0076,0.1985,0.0125,0.6635,surprise,0.6635,0,neutral
Light Sleeper,1992,LETOUR,dialogue,287,633,0.8294797687861272,3,18,,0.9988,0.0007,0.0005,negative,0.9988,0.8706,0.0954,0.0035,0.0023,0.0154,0.008,0.0047,anger,0.8706,0,neutral
Light Sleeper,1992,LETOUR,dialogue,288,635,0.8323699421965318,3,12,,0.0002,0.9991,0.0007,neutral,0.9991,0.2103,0.0831,0.0845,0.0045,0.2181,0.0763,0.3233,surprise,0.3233,0,neutral
Light Sleeper,1992,LETOUR,dialogue,289,638,0.8352601156069365,5,20,,0.0002,0.9992,0.0006,neutral,0.9992,0.1266,0.0183,0.0274,0.007,0.1299,0.006,0.6847,surprise,0.6847,0,neutral
Light Sleeper,1992,LETOUR,dialogue,290,640,0.838150289,13,58,,0.0139,0.9852,0.0008,neutral,0.9852,0.0653,0.059,0.6436,0.0025,0.1435,0.0539,0.0322,fear,0.6436,-0.5439,negative
Light Sleeper,1992,LETOUR,dialogue,291,642,0.8410404624277457,4,15,,0.0002,0.9992,0.0006,neutral,0.9992,0.1235,0.0268,0.0273,0.0074,0.0671,0.0067,0.7411,surprise,0.7411,0,neutral
Light Sleeper,1992,LETOUR,dialogue,292,645,0.8439306358381503,2,8,,0.0007,0.9985,0.0008,neutral,0.9985,0.0085,0.0124,0.0064,0.0897,0.7954,0.0275,0.0602,neutral,0.7954,0,neutral
Light Sleeper,1992,LETOUR,dialogue,293,646,0.846820809,7,36,,0.0002,0.9991,0.0006,neutral,0.9991,0.0424,0.0178,0.0547,0.0017,0.7763,0.0226,0.0845,neutral,0.7763,0,neutral
Light Sleeper,1992,LETOUR,dialogue,294,648,0.8497109826589595,3,14,,0.0002,0.9989,0.0009,neutral,0.9989,0.0142,0.0225,0.048,0.0014,0.4285,0.022,0.4635,surprise,0.4635,0,neutral
Light Sleeper,1992,LETOUR,dialogue,295,650,0.8526011560693642,10,46,,0.0002,0.0002,0.9996,positive,0.9996,0.0276,0.0117,0.0044,0.4615,0.4653,0.0166,0.013,neutral,0.4653,0.5994,positive
Light Sleeper,1992,LETOUR,dialogue,296,652,0.8554913294797688,5,30,,0.0002,0.9991,0.0007,neutral,0.9991,0.1259,0.0497,0.1055,0.0059,0.4239,0.0398,0.2494,neutral,0.4239,0,neutral
Light Sleeper,1992,LETOUR,dialogue,297,654,0.8583815028901735,3,13,,0.0002,0.999,0.0007,neutral,0.999,0.0496,0.0081,0.0108,0.0282,0.3088,0.0046,0.5898,surprise,0.5898,0,neutral
Light Sleeper,1992,LETOUR,dialogue,298,656,0.861271676,16,97,,0.9213,0.0342,0.0445,negative,0.9213,0.0965,0.297,0.0192,0.0138,0.4247,0.1018,0.0471,neutral,0.4247,-0.5267,negative
Light Sleeper,1992,LETOUR,dialogue,299,658,0.8641618497109826,3,13,,0.0004,0.9986,0.001,neutral,0.9986,0.0533,0.0526,0.1191,0.0016,0.697,0.0525,0.0239,neutral,0.697,0,neutral
Light Sleeper,1992,LETOUR,dialogue,300,660,0.8670520231213873,6,36,,0.0008,0.9988,0.0004,neutral,0.9988,0.0084,0.0084,0.0107,0.0077,0.0576,0.7977,0.1094,sadness,0.7977,-0.3612,negative
Light Sleeper,1992,LETOUR,dialogue,301,662,0.869942197,17,69,,0.0025,0.9967,0.0009,neutral,0.9967,0.0642,0.0127,0.6969,0.0043,0.0667,0.124,0.0311,fear,0.6969,0.2732,positive
Light Sleeper,1992,LETOUR,dialogue,302,664,0.8728323699421965,2,9,,0.0007,0.9983,0.001,neutral,0.9983,0.0079,0.0113,0.0047,0.0159,0.945,0.0063,0.0089,neutral,0.945,0,neutral
Light Sleeper,1992,LETOUR,dialogue,303,666,0.8757225433526011,7,42,,0.7878,0.2105,0.0017,negative,0.7878,0.0035,0.0023,0.0036,0.0087,0.0247,0.9181,0.039,sadness,0.9181,-0.0772,negative
Light Sleeper,1992,LETOUR,dialogue,304,668,0.8786127167630058,1,8,,0.0028,0.9967,0.0005,neutral,0.9967,0.0628,0.0265,0.0126,0.0097,0.8138,0.012,0.0626,neutral,0.8138,0,neutral
Light Sleeper,1992,LETOUR,dialogue,305,670,0.8815028901734104,16,76,,0.0007,0.9987,0.0006,neutral,0.9987,0.0438,0.0088,0.0143,0.0123,0.743,0.0959,0.0819,neutral,0.743,0,neutral
Light Sleeper,1992,LETOUR,dialogue,306,672,0.884393064,1,6,,0.9983,0.0012,0.0005,negative,0.9983,0.0093,0.0121,0.0089,0.0041,0.0239,0.9128,0.0289,sadness,0.9128,-0.0772,negative
Light Sleeper,1992,LETOUR,dialogue,307,675,0.8872832369942196,4,28,,0.0034,0.0665,0.9301,positive,0.9301,0.0105,0.0602,0.0084,0.1327,0.686,0.033,0.0692,neutral,0.686,0.4404,positive
Light Sleeper,1992,LETOUR,dialogue,308,677,0.8901734104046243,3,10,,0.0002,0.0002,0.9996,positive,0.9996,0.0062,0.0068,0.0014,0.9364,0.0386,0.0055,0.005,joy,0.9364,0.6369,positive
Light Sleeper,1992,LETOUR,dialogue,309,679,0.8930635838150289,1,3,,0.0002,0.9991,0.0007,neutral,0.9991,0.0423,0.0181,0.0102,0.0048,0.0548,0.0036,0.8661,surprise,0.8661,0,neutral
Light Sleeper,1992,LETOUR,dialogue,310,681,0.8959537572254336,14,64,,0.9989,0.0009,0.0003,negative,0.9989,0.4942,0.2858,0.0323,0.0027,0.116,0.0649,0.0042,anger,0.4942,-0.6929,negative
Light Sleeper,1992,LETOUR,dialogue,311,683,0.8988439306358381,1,8,,0.0392,0.2632,0.6976,positive,0.6976,0.0148,0.0081,0.0037,0.2356,0.7085,0.0074,0.0218,neutral,0.7085,0,neutral
Light Sleeper,1992,LETOUR,dialogue,312,685,0.9017341040462428,3,14,,0.9203,0.0787,0.001,negative,0.9203,0.7181,0.0714,0.0282,0.0062,0.1429,0.0305,0.0027,anger,0.7181,0,neutral
Light Sleeper,1992,LETOUR,dialogue,313,687,0.9046242774566474,2,11,,0.0002,0.9993,0.0005,neutral,0.9993,0.0441,0.026,0.0111,0.0041,0.0745,0.0065,0.8337,surprise,0.8337,0,neutral
Light Sleeper,1992,LETOUR,dialogue,314,689,0.907514451,10,37,,0.999,0.0007,0.0004,negative,0.999,0.0792,0.5992,0.0318,0.0046,0.0421,0.2368,0.0063,disgust,0.5992,-0.575,negative
Light Sleeper,1992,LETOUR,dialogue,315,692,0.9104046242774566,7,36,,0.5165,0.4823,0.0011,negative,0.5165,0.0308,0.0155,0.0041,0.0059,0.9358,0.0031,0.0048,neutral,0.9358,0,neutral
Light Sleeper,1992,LETOUR,dialogue,316,696,0.9132947976878611,8,30,,0.0005,0.9989,0.0006,neutral,0.9989,0.1042,0.0253,0.0356,0.0825,0.7364,0.0071,0.0089,neutral,0.7364,0,neutral
Light Sleeper,1992,LETOUR,dialogue,317,698,0.916184971,1,5,,0.0004,0.9969,0.0028,neutral,0.9969,0.4704,0.1447,0.0194,0.0364,0.3079,0.0145,0.0066,anger,0.4704,0.2263,positive
Light Sleeper,1992,LETOUR,dialogue,318,701,0.9190751445086706,9,50,,0.9982,0.0015,0.0003,negative,0.9982,0.1476,0.0503,0.0183,0.0104,0.7255,0.0231,0.0248,neutral,0.7255,0,neutral
Light Sleeper,1992,LETOUR,dialogue,319,703,0.9219653179190752,1,5,,0.0002,0.9992,0.0006,neutral,0.9992,0.0806,0.0221,0.0256,0.0076,0.0646,0.011,0.7885,surprise,0.7885,0,neutral
Light Sleeper,1992,LETOUR,dialogue,320,705,0.9248554913294798,4,14,,0.2259,0.7722,0.0018,neutral,0.7722,0.5865,0.1298,0.0709,0.0153,0.0622,0.0637,0.0717,anger,0.5865,0,neutral
Light Sleeper,1992,LETOUR,dialogue,321,707,0.9277456647398844,3,15,,0.0007,0.9982,0.0012,neutral,0.9982,0.0144,0.0209,0.0188,0.0713,0.6357,0.0751,0.1638,neutral,0.6357,0,neutral
Light Sleeper,1992,LETOUR,dialogue,322,709,0.930635838,6,27,,0.0009,0.9907,0.0084,neutral,0.9907,0.0258,0.0117,0.0189,0.0086,0.7978,0.0909,0.0463,neutral,0.7978,-0.296,negative
Light Sleeper,1992,LETOUR,dialogue,323,711,0.9335260115606936,9,36,,0.999,0.0006,0.0004,negative,0.999,0.0505,0.8578,0.0081,0.0032,0.0333,0.0437,0.0033,disgust,0.8578,-0.5423,negative
Light Sleeper,1992,LETOUR,dialogue,324,713,0.9364161849710982,7,30,,0.0017,0.9637,0.0346,neutral,0.9637,0.0015,0.0017,0.0004,0.9587,0.0063,0.0076,0.0239,joy,0.9587,0.4767,positive
Light Sleeper,1992,LETOUR,dialogue,325,716,0.9393063583815028,7,31,,0.0242,0.9181,0.0578,neutral,0.9181,0.044,0.1633,0.0109,0.0467,0.5619,0.0387,0.1345,neutral,0.5619,0,neutral
Light Sleeper,1992,LETOUR,dialogue,326,718,0.9421965317919077,2,8,,0.0015,0.9958,0.0027,neutral,0.9958,0.013,0.0077,0.0033,0.0494,0.9177,0.0038,0.005,neutral,0.9177,0,neutral
Light Sleeper,1992,LETOUR,dialogue,327,721,0.9450867052023122,4,14,,0.0014,0.9958,0.0028,neutral,0.9958,0.0778,0.0536,0.0154,0.0286,0.804,0.013,0.0076,neutral,0.804,0.4019,positive
Light Sleeper,1992,LETOUR,dialogue,328,723,0.9479768786127168,5,28,,0.0151,0.9843,0.0006,neutral,0.9843,0.2515,0.0417,0.028,0.0085,0.6497,0.0087,0.0119,neutral,0.6497,0.3182,positive
Light Sleeper,1992,LETOUR,dialogue,329,725,0.9508670520231214,19,91,,0.9928,0.0069,0.0003,negative,0.9928,0.5266,0.0473,0.2698,0.007,0.0835,0.0418,0.0241,anger,0.5266,-0.4005,negative
Light Sleeper,1992,LETOUR,dialogue,330,726,0.953757225,12,68,,0.4359,0.5617,0.0024,neutral,0.5617,0.0194,0.0119,0.1455,0.0033,0.0969,0.6809,0.042,sadness,0.6809,-0.4215,negative
Light Sleeper,1992,LETOUR,dialogue,331,728,0.9566473988439308,7,32,,0.0002,0.999,0.0008,neutral,0.999,0.0129,0.0055,0.0073,0.0043,0.5676,0.0114,0.3909,neutral,0.5676,0,neutral
Light Sleeper,1992,LETOUR,dialogue,332,731,0.9595375722543352,2,10,,0.0002,0.9991,0.0008,neutral,0.9991,0.0274,0.0148,0.0094,0.0036,0.2545,0.0073,0.6831,surprise,0.6831,0,neutral
Light Sleeper,1992,LETOUR,dialogue,333,733,0.962427746,1,4,,0.0018,0.9976,0.0006,neutral,0.9976,0.0059,0.0075,0.0057,0.0225,0.8617,0.033,0.0636,neutral,0.8617,0,neutral
Light Sleeper,1992,LETOUR,dialogue,334,739,0.9653179190751444,2,6,,0.0054,0.9921,0.0026,neutral,0.9921,0.3357,0.0439,0.0102,0.0379,0.5645,0.0047,0.0031,neutral,0.5645,0,neutral
Light Sleeper,1992,LETOUR,dialogue,335,746,0.9682080924855492,1,6,,0.0014,0.9928,0.0058,neutral,0.9928,0.0101,0.0236,0.0055,0.0284,0.9127,0.0099,0.0097,neutral,0.9127,0,neutral
Light Sleeper,1992,LETOUR,dialogue,336,748,0.9710982658959536,5,34,,0.0002,0.0002,0.9995,positive,0.9995,0.0028,0.0057,0.0073,0.7242,0.184,0.0043,0.0717,joy,0.7242,0.4767,positive
Light Sleeper,1992,LETOUR,dialogue,337,750,0.9739884393063584,46,251,,0.0005,0.9986,0.0009,neutral,0.9986,0.0171,0.0085,0.0187,0.1275,0.644,0.0693,0.1151,neutral,0.644,0.7003,positive
Light Sleeper,1992,LETOUR,dialogue,338,752,0.976878613,19,87,,0.0641,0.7974,0.1385,neutral,0.7974,0.0121,0.1013,0.0108,0.4809,0.3022,0.0699,0.0228,joy,0.4809,0.7706,positive
Light Sleeper,1992,LETOUR,dialogue,339,754,0.9797687861271676,2,15,,0.0002,0.9992,0.0006,neutral,0.9992,0.01,0.0111,0.0015,0.0262,0.9114,0.0076,0.0321,neutral,0.9114,0,neutral
Light Sleeper,1992,LETOUR,dialogue,340,756,0.9826589595375722,3,11,,0.9982,0.0011,0.0007,negative,0.9982,0.0018,0.001,0.0019,0.0051,0.0086,0.9716,0.0101,sadness,0.9716,-0.1531,negative
Light Sleeper,1992,LETOUR,dialogue,341,758,0.9855491329479767,4,17,,0.9966,0.0031,0.0004,negative,0.9966,0.5367,0.2013,0.0121,0.0038,0.0659,0.0116,0.1687,anger,0.5367,-0.5423,negative
Light Sleeper,1992,LETOUR,dialogue,342,760,0.9884393063583816,4,20,,0.0008,0.0005,0.9987,positive,0.9987,0.0843,0.1733,0.0102,0.2035,0.5166,0.0075,0.0047,neutral,0.5166,0.6369,positive
Light Sleeper,1992,LETOUR,dialogue,343,762,0.9913294797687862,7,29,,0.0002,0.9989,0.0009,neutral,0.9989,0.0536,0.2063,0.0244,0.0069,0.2543,0.0179,0.4366,surprise,0.4366,0,neutral
Light Sleeper,1992,LETOUR,dialogue,344,764,0.9942196531791908,3,11,,0.0005,0.999,0.0005,neutral,0.999,0.1576,0.0778,0.1998,0.0037,0.1588,0.0749,0.3273,surprise,0.3273,0,neutral
Light Sleeper,1992,LETOUR,dialogue,345,766,0.9971098265895952,33,166,,0.0002,0.0027,0.9971,positive,0.9971,0.0063,0.0102,0.0115,0.0148,0.3695,0.218,0.3697,surprise,0.3697,0,neutral
Light Sleeper,1992,LETOUR,dialogue,346,768,1,13,60,,0.0019,0.9974,0.0007,neutral,0.9974,0.067,0.0388,0.0621,0.0016,0.6987,0.0373,0.0946,neutral,0.6987,0,neutral
First Reformed,2017,TOLLER,voice_over,1,2,0.004032258,43,239,,0.0005,0.999,0.0005,neutral,0.999,0.0289,0.0081,0.0088,0.0165,0.9005,0.0116,0.0255,neutral,0.9005,0,neutral
First Reformed,2017,TOLLER,voice_over,2,3,0.008064516,29,151,,0.0905,0.9088,0.0007,neutral,0.9088,0.29,0.1717,0.0405,0.0049,0.4145,0.0601,0.0184,neutral,0.4145,-0.4939,negative
First Reformed,2017,TOLLER,dialogue,3,4,0.012096774,9,45,,0.0003,0.9989,0.0008,neutral,0.9989,0.1568,0.0431,0.3115,0.0161,0.3649,0.0599,0.0477,neutral,0.3649,-0.34,negative
First Reformed,2017,TOLLER,voice_over,4,6,0.016129032,24,141,,0.0003,0.9987,0.0009,neutral,0.9987,0.0059,0.0132,0.0252,0.0699,0.8373,0.0238,0.0247,neutral,0.8373,0.2732,positive
First Reformed,2017,TOLLER,voice_over,5,7,0.02016129,34,196,,0.0012,0.9977,0.0011,neutral,0.9977,0.0118,0.0458,0.0079,0.0238,0.8773,0.0255,0.0079,neutral,0.8773,0,neutral
First Reformed,2017,TOLLER,dialogue,6,9,0.024193548,3,11,,0.1492,0.8473,0.0035,neutral,0.8473,0.0578,0.0211,0.0102,0.0219,0.7876,0.0366,0.0649,neutral,0.7876,0,neutral
First Reformed,2017,TOLLER,dialogue,7,11,0.028225806,5,26,,0.0002,0.9992,0.0006,neutral,0.9992,0.0255,0.0159,0.0052,0.002,0.8293,0.0056,0.1165,neutral,0.8293,0,neutral
First Reformed,2017,TOLLER,dialogue,8,13,0.032258065,23,109,,0.9294,0.0697,0.0008,negative,0.9294,0.028,0.0359,0.0047,0.0578,0.8512,0.0138,0.0085,neutral,0.8512,-0.2755,negative
First Reformed,2017,TOLLER,dialogue,9,15,0.036290323,1,8,,0.0005,0.9989,0.0006,neutral,0.9989,0.0303,0.1854,0.0548,0.0069,0.1903,0.091,0.4413,surprise,0.4413,0,neutral
First Reformed,2017,TOLLER,dialogue,10,17,0.040322581,5,22,,0.0007,0.998,0.0013,neutral,0.998,0.0027,0.0014,0.0029,0.01,0.8858,0.0169,0.0803,neutral,0.8858,0,neutral
First Reformed,2017,TOLLER,dialogue,11,18,0.044354839,3,13,,0.0004,0.9966,0.003,neutral,0.9966,0.0692,0.0212,0.0295,0.2676,0.593,0.0048,0.0147,neutral,0.593,0.4019,positive
First Reformed,2017,TOLLER,dialogue,12,20,0.048387097,4,21,,0.0002,0.9988,0.001,neutral,0.9988,0.0229,0.0094,0.0118,0.0496,0.8927,0.0045,0.0091,neutral,0.8927,0,neutral
First Reformed,2017,TOLLER,dialogue,13,22,0.052419355,5,22,,0.0005,0.0007,0.9989,positive,0.9989,0.0009,0.0019,0.0004,0.9312,0.0262,0.0137,0.0257,joy,0.9312,0.4215,positive
First Reformed,2017,TOLLER,dialogue,14,25,0.056451613,3,11,,0.0002,0.9991,0.0007,neutral,0.9991,0.1754,0.0572,0.0325,0.0075,0.1812,0.0129,0.5332,surprise,0.5332,0,neutral
First Reformed,2017,TOLLER,dialogue,15,27,0.060483871,7,30,,0.0003,0.9987,0.001,neutral,0.9987,0.0277,0.0129,0.0057,0.0176,0.9224,0.0074,0.0063,neutral,0.9224,0,neutral
First Reformed,2017,TOLLER,dialogue,16,29,0.064516129,4,17,,0.0002,0.9991,0.0007,neutral,0.9991,0.0987,0.0172,0.0851,0.0099,0.343,0.0148,0.4313,surprise,0.4313,0,neutral
First Reformed,2017,TOLLER,dialogue,17,31,0.068548387,21,118,,0.0002,0.9993,0.0005,neutral,0.9993,0.0468,0.0109,0.0122,0.0159,0.6128,0.0067,0.2947,neutral,0.6128,0.3182,positive
First Reformed,2017,TOLLER,dialogue,18,33,0.072580645,3,20,,0.0002,0.999,0.0008,neutral,0.999,0.0127,0.0072,0.0623,0.3042,0.3637,0.0317,0.2183,neutral,0.3637,0,neutral
First Reformed,2017,TOLLER,dialogue,19,35,0.076612903,14,67,,0.0002,0.999,0.0008,neutral,0.999,0.0891,0.0225,0.0271,0.0053,0.7997,0.0367,0.0195,neutral,0.7997,0,neutral
First Reformed,2017,TOLLER,dialogue,20,37,0.080645161,3,15,,0.0004,0.9989,0.0007,neutral,0.9989,0.0265,0.006,0.006,0.0096,0.0427,0.0044,0.9048,surprise,0.9048,0,neutral
First Reformed,2017,TOLLER,voice_over,21,39,0.084677419,40,230,,0.0006,0.0201,0.9793,positive,0.9793,0.0223,0.0144,0.1838,0.4089,0.294,0.0281,0.0486,joy,0.4089,0.739,positive
First Reformed,2017,TOLLER,voice_over,22,40,0.088709677,30,146,,0.9989,0.0009,0.0002,negative,0.9989,0.7453,0.183,0.0042,0.0022,0.0446,0.0136,0.0071,anger,0.7453,-0.6646,negative
First Reformed,2017,TOLLER,voice_over,23,41,0.092741935,20,86,,0.9905,0.0092,0.0003,negative,0.9905,0.0341,0.0457,0.0317,0.0155,0.3943,0.4025,0.0762,sadness,0.4025,0.6705,positive
First Reformed,2017,TOLLER,dialogue,24,45,0.096774194,2,11,,0.0008,0.9984,0.0007,neutral,0.9984,0.1285,0.0808,0.0903,0.0478,0.3435,0.1716,0.1375,neutral,0.3435,0.2144,positive
First Reformed,2017,TOLLER,dialogue,25,47,0.1008064516129032,4,21,,0.0528,0.837,0.1102,neutral,0.837,0.0145,0.0297,0.0032,0.13,0.7971,0.0103,0.0151,neutral,0.7971,0.4404,positive
First Reformed,2017,TOLLER,dialogue,26,49,0.1048387096774193,8,46,,0.0003,0.9992,0.0005,neutral,0.9992,0.0588,0.0692,0.0356,0.0054,0.4958,0.204,0.1312,neutral,0.4958,-0.2023,negative
First Reformed,2017,TOLLER,dialogue,27,51,0.1088709677419354,4,29,,0.0001,0.0002,0.9996,positive,0.9996,0.0031,0.006,0.0089,0.788,0.1214,0.0051,0.0676,joy,0.788,0.5994,positive
First Reformed,2017,TOLLER,dialogue,28,53,0.1129032258064516,7,38,,0.999,0.0007,0.0002,negative,0.999,0.0075,0.0084,0.0137,0.0065,0.1158,0.833,0.015,sadness,0.833,0,neutral
First Reformed,2017,TOLLER,dialogue,29,56,0.1169354838709677,7,32,,0.0002,0.999,0.0008,neutral,0.999,0.0049,0.0084,0.0032,0.0057,0.1652,0.0068,0.8058,surprise,0.8058,0,neutral
First Reformed,2017,TOLLER,dialogue,30,58,0.1209677419354838,1,10,,0.0011,0.997,0.0019,neutral,0.997,0.0125,0.0155,0.0084,0.0061,0.8926,0.0057,0.0593,neutral,0.8926,0,neutral
First Reformed,2017,TOLLER,dialogue,31,60,0.125,4,21,,0.025,0.9736,0.0014,neutral,0.9736,0.0314,0.1839,0.0823,0.0043,0.1774,0.2376,0.2831,surprise,0.2831,-0.1027,negative
First Reformed,2017,TOLLER,voice_over,32,63,0.1290322580645161,54,331,,0.0058,0.9934,0.0008,neutral,0.9934,0.0681,0.1041,0.0697,0.003,0.3368,0.2602,0.158,neutral,0.3368,-0.6486,negative
First Reformed,2017,TOLLER,dialogue,33,66,0.1330645161290322,10,45,,0.0002,0.9993,0.0006,neutral,0.9993,0.0258,0.0016,0.0213,0.112,0.323,0.011,0.5052,surprise,0.5052,0,neutral
First Reformed,2017,TOLLER,dialogue,34,68,0.1370967741935483,3,12,,0.0002,0.9991,0.0007,neutral,0.9991,0.0333,0.0237,0.0088,0.0037,0.0518,0.0042,0.8745,surprise,0.8745,0,neutral
First Reformed,2017,TOLLER,dialogue,35,70,0.1411290322580645,7,41,,0.0196,0.9799,0.0005,neutral,0.9799,0.0745,0.0077,0.8786,0.0011,0.0287,0.0046,0.0049,fear,0.8786,-0.5574,negative
First Reformed,2017,TOLLER,dialogue,36,72,0.1451612903225806,3,15,,0.1283,0.8697,0.0019,neutral,0.8697,0.1328,0.1468,0.0647,0.0026,0.5414,0.0622,0.0495,neutral,0.5414,0,neutral
First Reformed,2017,TOLLER,dialogue,37,74,0.1491935483870967,13,74,,0.0004,0.0014,0.9982,positive,0.9982,0.0765,0.0281,0.0088,0.3275,0.5322,0.0194,0.0074,neutral,0.5322,0.6369,positive
First Reformed,2017,TOLLER,dialogue,38,75,0.1532258064516129,42,254,,0.0004,0.9986,0.001,neutral,0.9986,0.0381,0.0283,0.0213,0.0207,0.693,0.0114,0.1872,neutral,0.693,0.8895,positive
First Reformed,2017,TOLLER,dialogue,39,76,0.157258065,4,19,,0.0003,0.9991,0.0006,neutral,0.9991,0.0452,0.0121,0.0128,0.0046,0.5624,0.0039,0.359,neutral,0.5624,0,neutral
First Reformed,2017,TOLLER,dialogue,40,78,0.1612903225806451,50,272,,0.992,0.0078,0.0003,negative,0.992,0.0752,0.098,0.4104,0.0019,0.1242,0.2611,0.0292,fear,0.4104,-0.846,negative
First Reformed,2017,TOLLER,dialogue,41,80,0.1653225806451612,66,395,,0.6835,0.3154,0.0011,negative,0.6835,0.1327,0.1416,0.1285,0.0038,0.3987,0.176,0.0187,neutral,0.3987,0.875,positive
First Reformed,2017,TOLLER,dialogue,42,81,0.1693548387096774,9,53,,0.0004,0.9992,0.0004,neutral,0.9992,0.1003,0.0254,0.0225,0.0046,0.2101,0.0066,0.6305,surprise,0.6305,0,neutral
First Reformed,2017,TOLLER,dialogue,43,83,0.1733870967741935,4,20,,0.0002,0.9992,0.0006,neutral,0.9992,0.0545,0.0107,0.0706,0.0041,0.5125,0.0072,0.3403,neutral,0.5125,0,neutral
First Reformed,2017,TOLLER,voice_over,44,85,0.1774193548387097,33,205,,0.0201,0.757,0.2229,neutral,0.757,0.0053,0.0018,0.001,0.9851,0.0035,0.0014,0.0019,joy,0.9851,-0.2023,negative
First Reformed,2017,TOLLER,dialogue,45,87,0.1814516129032258,6,27,,0.0003,0.9991,0.0007,neutral,0.9991,0.0279,0.0469,0.0219,0.0014,0.5372,0.0224,0.3422,neutral,0.5372,-0.2411,negative
First Reformed,2017,TOLLER,dialogue,46,89,0.1854838709677419,2,5,,0.0004,0.9979,0.0016,neutral,0.9979,0.0652,0.0195,0.0114,0.0365,0.8492,0.0099,0.0081,neutral,0.8492,0,neutral
First Reformed,2017,TOLLER,dialogue,47,92,0.189516129,9,49,,0.0101,0.9886,0.0012,neutral,0.9886,0.1977,0.0217,0.0044,0.6721,0.0614,0.0123,0.0304,joy,0.6721,0.4767,positive
First Reformed,2017,TOLLER,dialogue,48,94,0.1935483870967742,4,18,,0.0002,0.999,0.0008,neutral,0.999,0.0997,0.0181,0.0239,0.0519,0.3846,0.0099,0.4119,surprise,0.4119,0,neutral
First Reformed,2017,TOLLER,dialogue,49,96,0.1975806451612903,89,501,,0.9968,0.003,0.0002,negative,0.9968,0.3832,0.0596,0.1022,0.0208,0.0606,0.3467,0.027,anger,0.3832,-0.9215,negative
First Reformed,2017,TOLLER,dialogue,50,97,0.2016129032258064,23,127,,0.9986,0.0012,0.0003,negative,0.9986,0.0139,0.0185,0.019,0.0027,0.027,0.9137,0.0053,sadness,0.9137,-0.0869,negative
First Reformed,2017,TOLLER,dialogue,51,99,0.2056451612903226,1,7,,0.001,0.9984,0.0005,neutral,0.9984,0.0078,0.0083,0.017,0.0095,0.9083,0.0064,0.0427,neutral,0.9083,0,neutral
First Reformed,2017,TOLLER,dialogue,52,101,0.2096774193548387,6,27,,0.9987,0.0011,0.0002,negative,0.9987,0.396,0.4969,0.0284,0.0015,0.0178,0.053,0.0063,disgust,0.4969,0.2732,positive
First Reformed,2017,TOLLER,dialogue,53,103,0.2137096774193548,124,707,,0.2765,0.7224,0.0011,neutral,0.7224,0.2603,0.2299,0.0833,0.0037,0.2419,0.1746,0.0062,anger,0.2603,-0.8837,negative
First Reformed,2017,TOLLER,dialogue,54,105,0.2177419354838709,3,16,,0.9989,0.0007,0.0004,negative,0.9989,0.1926,0.2488,0.0496,0.0029,0.3068,0.1853,0.0139,neutral,0.3068,-0.3089,negative
First Reformed,2017,TOLLER,dialogue,55,107,0.2217741935483871,15,64,,0.001,0.9904,0.0085,neutral,0.9904,0.0191,0.0135,0.0098,0.0328,0.8584,0.0525,0.0138,neutral,0.8584,-0.296,negative
First Reformed,2017,TOLLER,dialogue,56,109,0.2258064516129032,33,165,,0.0004,0.9985,0.001,neutral,0.9985,0.035,0.0148,0.0081,0.0295,0.8893,0.0078,0.0154,neutral,0.8893,0.7845,positive
First Reformed,2017,TOLLER,dialogue,57,110,0.2298387096774193,13,70,,0.0132,0.985,0.0018,neutral,0.985,0.2098,0.0494,0.0507,0.0442,0.5849,0.0446,0.0164,neutral,0.5849,0.5787,positive
First Reformed,2017,TOLLER,dialogue,58,112,0.2338709677419354,10,61,,0.0002,0.9991,0.0007,neutral,0.9991,0.008,0.0047,0.0245,0.0059,0.7015,0.1053,0.15,neutral,0.7015,0,neutral
First Reformed,2017,TOLLER,dialogue,59,114,0.2379032258064516,9,43,,0.0003,0.9987,0.001,neutral,0.9987,0.0038,0.0023,0.0045,0.038,0.9206,0.0102,0.0206,neutral,0.9206,0,neutral
First Reformed,2017,TOLLER,voice_over,60,116,0.2419354838709677,24,138,,0.0162,0.9833,0.0005,neutral,0.9833,0.0139,0.0101,0.0042,0.0033,0.9208,0.0152,0.0325,neutral,0.9208,0.4404,positive
First Reformed,2017,TOLLER,voice_over,61,117,0.2459677419354838,55,287,,0.9736,0.026,0.0004,negative,0.9736,0.0451,0.0855,0.0398,0.003,0.0709,0.7483,0.0075,sadness,0.7483,0.9136,positive
First Reformed,2017,TOLLER,voice_over,62,118,0.25,7,29,,0.0004,0.9991,0.0006,neutral,0.9991,0.5923,0.2273,0.0337,0.0068,0.1034,0.0169,0.0195,anger,0.5923,0.34,positive
First Reformed,2017,TOLLER,dialogue,63,119,0.2540322580645161,43,249,,0.0003,0.9988,0.0008,neutral,0.9988,0.0159,0.022,0.0146,0.0128,0.8428,0.0261,0.0657,neutral,0.8428,0,neutral
First Reformed,2017,TOLLER,dialogue,64,120,0.2580645161290322,36,219,,0.0005,0.9989,0.0006,neutral,0.9989,0.0864,0.0668,0.129,0.0073,0.4243,0.0543,0.2319,neutral,0.4243,-0.7184,negative
First Reformed,2017,TOLLER,dialogue,65,122,0.2620967741935484,35,199,,0.0005,0.9962,0.0033,neutral,0.9962,0.0047,0.0055,0.0057,0.4683,0.4128,0.021,0.082,joy,0.4683,0.7506,positive
First Reformed,2017,TOLLER,dialogue,66,123,0.2661290322580645,51,290,,0.0003,0.9984,0.0013,neutral,0.9984,0.0046,0.0048,0.0024,0.0328,0.8901,0.0118,0.0535,neutral,0.8901,0.0258,neutral
First Reformed,2017,TOLLER,dialogue,67,124,0.2701612903225806,7,29,,0.0006,0.9984,0.001,neutral,0.9984,0.0177,0.0227,0.0051,0.0434,0.895,0.0031,0.013,neutral,0.895,0,neutral
First Reformed,2017,TOLLER,dialogue,68,125,0.2741935483870967,27,156,,0.5345,0.4644,0.0011,negative,0.5345,0.0118,0.0179,0.0248,0.0512,0.341,0.4104,0.1429,sadness,0.4104,-0.34,negative
First Reformed,2017,TOLLER,dialogue,69,127,0.2782258064516129,3,14,,0.0006,0.9989,0.0005,neutral,0.9989,0.0545,0.1037,0.1186,0.0032,0.5903,0.0974,0.0322,neutral,0.5903,0,neutral
First Reformed,2017,TOLLER,dialogue,70,129,0.282258065,5,24,,0.0002,0.9986,0.0012,neutral,0.9986,0.0087,0.0167,0.0029,0.0024,0.1304,0.0041,0.8347,surprise,0.8347,0,neutral
First Reformed,2017,TOLLER,dialogue,71,132,0.2862903225806452,6,26,,0.0004,0.9988,0.0008,neutral,0.9988,0.0017,0.0014,0.0008,0.6764,0.1312,0.0511,0.1376,joy,0.6764,0,neutral
First Reformed,2017,TOLLER,dialogue,72,134,0.2903225806451613,3,13,,0.0005,0.999,0.0004,neutral,0.999,0.0112,0.0486,0.0101,0.0027,0.8235,0.0153,0.0886,neutral,0.8235,0,neutral
First Reformed,2017,TOLLER,dialogue,73,136,0.2943548387096774,9,50,,0.0069,0.2452,0.7479,positive,0.7479,0.0547,0.052,0.0185,0.027,0.8164,0.0171,0.0142,neutral,0.8164,0.6808,positive
First Reformed,2017,TOLLER,dialogue,74,138,0.2983870967741935,1,5,,0.0044,0.9951,0.0005,neutral,0.9951,0.0153,0.0147,0.0077,0.0047,0.0198,0.0025,0.9353,surprise,0.9353,0,neutral
First Reformed,2017,TOLLER,dialogue,75,140,0.3024193548387097,5,22,,0.0023,0.9971,0.0006,neutral,0.9971,0.0177,0.0126,0.0027,0.0053,0.956,0.002,0.0037,neutral,0.956,0,neutral
First Reformed,2017,TOLLER,dialogue,76,145,0.3064516129032258,18,88,,0.0019,0.9903,0.0078,neutral,0.9903,0.0125,0.0133,0.0042,0.1557,0.6063,0.1422,0.0659,neutral,0.6063,0.4404,positive
First Reformed,2017,TOLLER,dialogue,77,147,0.3104838709677419,2,12,,0.0008,0.9977,0.0015,neutral,0.9977,0.0034,0.0049,0.0272,0.0405,0.8202,0.0534,0.0503,neutral,0.8202,0,neutral
First Reformed,2017,TOLLER,dialogue,78,149,0.314516129,33,221,,0.0008,0.9986,0.0006,neutral,0.9986,0.0376,0.0155,0.0148,0.0093,0.8411,0.0484,0.0333,neutral,0.8411,-0.296,negative
First Reformed,2017,TOLLER,dialogue,79,151,0.3185483870967742,11,63,,0.0012,0.9973,0.0015,neutral,0.9973,0.0118,0.0106,0.0054,0.0042,0.6207,0.0289,0.3185,neutral,0.6207,0,neutral
First Reformed,2017,TOLLER,dialogue,80,153,0.3225806451612903,7,42,,0.0005,0.9981,0.0015,neutral,0.9981,0.006,0.0148,0.0022,0.007,0.9497,0.0049,0.0153,neutral,0.9497,0,neutral
First Reformed,2017,TOLLER,dialogue,81,156,0.3266129032258064,2,8,,0.0016,0.9972,0.0012,neutral,0.9972,0.0056,0.0172,0.0606,0.0033,0.8673,0.0287,0.0173,neutral,0.8673,0,neutral
First Reformed,2017,TOLLER,dialogue,82,158,0.3306451612903225,2,16,,0.0002,0.9994,0.0004,neutral,0.9994,0.0196,0.0102,0.0125,0.0028,0.4701,0.0053,0.4796,surprise,0.4796,0,neutral
First Reformed,2017,TOLLER,dialogue,83,160,0.3346774193548387,1,4,,0.0006,0.0013,0.9982,positive,0.9982,0.0041,0.0035,0.0068,0.0182,0.0196,0.0039,0.9441,surprise,0.9441,0.5859,positive
First Reformed,2017,TOLLER,dialogue,84,162,0.3387096774193548,1,5,,0.0548,0.8379,0.1074,neutral,0.8379,0.6657,0.2229,0.0059,0.0041,0.0889,0.01,0.0025,anger,0.6657,0.2023,positive
First Reformed,2017,TOLLER,dialogue,85,164,0.3427419354838709,4,19,,0.0002,0.0003,0.9995,positive,0.9995,0.0021,0.0113,0.0015,0.682,0.2757,0.0089,0.0184,joy,0.682,0.4215,positive
First Reformed,2017,TOLLER,dialogue,86,166,0.3467741935483871,9,50,,0.0005,0.9985,0.0011,neutral,0.9985,0.01,0.0393,0.0022,0.0195,0.8953,0.0048,0.0289,neutral,0.8953,0,neutral
First Reformed,2017,TOLLER,dialogue,87,168,0.3508064516129032,6,36,,0.0022,0.9756,0.0221,neutral,0.9756,0.0031,0.0022,0.0023,0.6905,0.2331,0.0142,0.0545,joy,0.6905,0.6486,positive
First Reformed,2017,TOLLER,dialogue,88,171,0.3548387096774194,18,106,,0.0003,0.999,0.0007,neutral,0.999,0.0037,0.0023,0.0021,0.5669,0.2418,0.0151,0.1682,joy,0.5669,0.2732,positive
First Reformed,2017,TOLLER,dialogue,89,173,0.3588709677419355,18,107,,0.0003,0.9982,0.0015,neutral,0.9982,0.0061,0.002,0.0012,0.0153,0.9404,0.0127,0.0223,neutral,0.9404,0.5994,positive
First Reformed,2017,TOLLER,dialogue,90,175,0.3629032258064516,18,104,,0.999,0.0008,0.0003,negative,0.999,0.1543,0.021,0.0815,0.0058,0.1418,0.5495,0.0461,sadness,0.5495,-0.1761,negative
First Reformed,2017,TOLLER,dialogue,91,177,0.3669354838709677,9,45,,0.9976,0.0021,0.0003,negative,0.9976,0.0179,0.0319,0.0459,0.0083,0.6892,0.121,0.0859,neutral,0.6892,0,neutral
First Reformed,2017,TOLLER,dialogue,92,179,0.3709677419354839,5,26,,0.9991,0.0006,0.0003,negative,0.9991,0.003,0.002,0.0068,0.0025,0.002,0.9819,0.0019,sadness,0.9819,-0.5106,negative
First Reformed,2017,TOLLER,dialogue,93,181,0.375,1,7,,0.0005,0.999,0.0006,neutral,0.999,0.003,0.0072,0.0089,0.0123,0.9045,0.0162,0.0478,neutral,0.9045,0,neutral
First Reformed,2017,TOLLER,dialogue,94,183,0.3790322580645161,14,77,,0.8649,0.1342,0.0009,negative,0.8649,0.3407,0.512,0.0098,0.0031,0.1184,0.0104,0.0056,disgust,0.512,-0.4019,negative
First Reformed,2017,TOLLER,dialogue,95,185,0.3830645161290322,3,11,,0.0002,0.0002,0.9996,positive,0.9996,0.0006,0.0018,0.0001,0.9912,0.0014,0.0018,0.0031,joy,0.9912,0.5719,positive
First Reformed,2017,TOLLER,voice_over,96,186,0.3870967741935484,66,387,,0.0005,0.9982,0.0013,neutral,0.9982,0.0321,0.0501,0.0146,0.1107,0.7498,0.0343,0.0085,neutral,0.7498,-0.6486,negative
First Reformed,2017,TOLLER,dialogue,97,188,0.3911290322580645,2,10,,0.0002,0.999,0.0008,neutral,0.999,0.021,0.0046,0.0238,0.0629,0.7634,0.0067,0.1176,neutral,0.7634,0.4019,positive
First Reformed,2017,TOLLER,dialogue,98,190,0.3951612903225806,6,39,,0.0014,0.9982,0.0004,neutral,0.9982,0.0217,0.0069,0.0066,0.0293,0.3928,0.3247,0.2181,neutral,0.3928,0,neutral
First Reformed,2017,TOLLER,dialogue,99,192,0.3991935483870967,3,17,,0.0002,0.9992,0.0006,neutral,0.9992,0.0218,0.01,0.0216,0.0047,0.4053,0.033,0.5036,surprise,0.5036,0,neutral
First Reformed,2017,TOLLER,dialogue,100,197,0.4032258064516129,3,18,,0.0075,0.9898,0.0027,neutral,0.9898,0.0274,0.0514,0.8712,0.0016,0.031,0.0073,0.01,fear,0.8712,0,neutral
First Reformed,2017,TOLLER,dialogue,101,200,0.407258065,4,20,,0.0002,0.9992,0.0005,neutral,0.9992,0.0464,0.0226,0.0099,0.0029,0.731,0.0177,0.1696,neutral,0.731,0,neutral
First Reformed,2017,TOLLER,dialogue,102,202,0.4112903225806452,9,47,,0.0002,0.9992,0.0006,neutral,0.9992,0.1159,0.0262,0.0532,0.0035,0.619,0.0182,0.164,neutral,0.619,0,neutral
First Reformed,2017,TOLLER,dialogue,103,204,0.4153225806451613,5,23,,0.0002,0.9992,0.0006,neutral,0.9992,0.2134,0.0376,0.1016,0.0084,0.253,0.0909,0.2951,surprise,0.2951,0,neutral
First Reformed,2017,TOLLER,dialogue,104,206,0.4193548387096774,24,120,,0.9913,0.0084,0.0004,negative,0.9913,0.4347,0.1387,0.0251,0.0047,0.3701,0.0216,0.0049,anger,0.4347,0.2263,positive
First Reformed,2017,TOLLER,dialogue,105,208,0.4233870967741935,6,28,,0.9656,0.034,0.0004,negative,0.9656,0.331,0.129,0.1775,0.0062,0.1415,0.0571,0.1578,anger,0.331,-0.0572,negative
First Reformed,2017,TOLLER,dialogue,106,210,0.4274193548387097,43,226,,0.9987,0.0011,0.0002,negative,0.9987,0.0666,0.023,0.8564,0.0013,0.034,0.0124,0.0063,fear,0.8564,-0.8542,negative
First Reformed,2017,TOLLER,dialogue,107,212,0.4314516129032258,40,197,,0.9959,0.0038,0.0003,negative,0.9959,0.0142,0.0035,0.9556,0.0009,0.0116,0.0063,0.0079,fear,0.9556,-0.7013,negative
First Reformed,2017,TOLLER,dialogue,108,214,0.4354838709677419,7,45,,0.0002,0.999,0.0008,neutral,0.999,0.013,0.0113,0.0046,0.0022,0.8291,0.0213,0.1186,neutral,0.8291,0,neutral
First Reformed,2017,TOLLER,dialogue,109,216,0.439516129,5,22,,0.0003,0.9992,0.0006,neutral,0.9992,0.1765,0.0138,0.031,0.0285,0.5938,0.0048,0.1518,neutral,0.5938,0,neutral
First Reformed,2017,TOLLER,voice_over,110,218,0.4435483870967742,19,123,,0.0003,0.9987,0.001,neutral,0.9987,0.009,0.0041,0.0102,0.0136,0.946,0.0039,0.0132,neutral,0.946,0.4019,positive
First Reformed,2017,TOLLER,voice_over,111,219,0.4475806451612903,22,111,,0.9991,0.0007,0.0002,negative,0.9991,0.9305,0.0159,0.0029,0.0016,0.0125,0.0356,0.001,anger,0.9305,-0.7845,negative
First Reformed,2017,TOLLER,voice_over,112,220,0.4516129032258064,32,161,,0.0003,0.9981,0.0016,neutral,0.9981,0.0056,0.0074,0.9104,0.0057,0.0538,0.0084,0.0086,fear,0.9104,0.8313,positive
First Reformed,2017,TOLLER,dialogue,113,221,0.4556451612903225,8,42,,0.0012,0.998,0.0009,neutral,0.998,0.0053,0.0036,0.0039,0.0405,0.045,0.1544,0.7473,surprise,0.7473,0,neutral
First Reformed,2017,TOLLER,dialogue,114,224,0.4596774193548387,17,102,,0.0006,0.9871,0.0123,neutral,0.9871,0.0062,0.0061,0.0052,0.2304,0.5118,0.042,0.1982,neutral,0.5118,0.2023,positive
First Reformed,2017,TOLLER,dialogue,115,225,0.4637096774193548,8,48,,0.0002,0.9991,0.0007,neutral,0.9991,0.0171,0.0067,0.0295,0.0106,0.6563,0.0477,0.2321,neutral,0.6563,0,neutral
First Reformed,2017,TOLLER,dialogue,116,227,0.4677419354838709,6,24,,0.0002,0.9991,0.0007,neutral,0.9991,0.1203,0.0224,0.0317,0.0028,0.6341,0.0169,0.1719,neutral,0.6341,0,neutral
First Reformed,2017,TOLLER,dialogue,117,229,0.4717741935483871,6,28,,0.0002,0.999,0.0008,neutral,0.999,0.0271,0.0124,0.0153,0.0047,0.321,0.0721,0.5474,surprise,0.5474,0,neutral
First Reformed,2017,TOLLER,dialogue,118,231,0.4758064516129032,1,4,,0.0002,0.9957,0.004,neutral,0.9957,0.0207,0.0233,0.0117,0.0836,0.8396,0.0094,0.0115,neutral,0.8396,0.4019,positive
First Reformed,2017,TOLLER,dialogue,119,233,0.4798387096774194,1,8,,0.0002,0.9993,0.0005,neutral,0.9993,0.0279,0.0068,0.0482,0.0061,0.2441,0.006,0.6609,surprise,0.6609,0,neutral
First Reformed,2017,TOLLER,dialogue,120,234,0.4838709677419355,23,123,,0.4599,0.5388,0.0013,neutral,0.5388,0.0064,0.0057,0.0221,0.0043,0.0639,0.2048,0.6928,surprise,0.6928,-0.6059,negative
First Reformed,2017,TOLLER,dialogue,121,236,0.4879032258064516,9,40,,0.0003,0.9988,0.0009,neutral,0.9988,0.0016,0.0032,0.0005,0.9269,0.0145,0.0054,0.0479,joy,0.9269,0,neutral
First Reformed,2017,TOLLER,dialogue,122,238,0.4919354838709677,9,50,,0.0947,0.9039,0.0014,neutral,0.9039,0.0336,0.0162,0.3775,0.0047,0.4616,0.0437,0.0627,neutral,0.4616,0,neutral
First Reformed,2017,TOLLER,dialogue,123,240,0.4959677419354839,1,3,,0.9983,0.0013,0.0004,negative,0.9983,0.1665,0.189,0.128,0.0106,0.4044,0.09,0.0114,neutral,0.4044,0,neutral
First Reformed,2017,TOLLER,dialogue,124,242,0.5,4,17,,0.0002,0.999,0.0008,neutral,0.999,0.0282,0.0124,0.0097,0.0254,0.8664,0.044,0.0139,neutral,0.8664,0,neutral
First Reformed,2017,TOLLER,dialogue,125,244,0.5040322580645161,4,17,,0.0002,0.9991,0.0007,neutral,0.9991,0.0187,0.0786,0.012,0.0055,0.6492,0.0072,0.2288,neutral,0.6492,0.3612,positive
First Reformed,2017,TOLLER,dialogue,126,247,0.5080645161290323,39,219,,0.9926,0.0071,0.0002,negative,0.9926,0.3137,0.2905,0.0166,0.0027,0.3186,0.0486,0.0092,neutral,0.3186,-0.1779,negative
First Reformed,2017,TOLLER,dialogue,127,249,0.5120967741935484,5,26,,0.0003,0.9992,0.0006,neutral,0.9992,0.0232,0.0134,0.0191,0.0044,0.6898,0.0589,0.1912,neutral,0.6898,0,neutral
First Reformed,2017,TOLLER,dialogue,128,251,0.5161290322580645,29,165,,0.0003,0.9987,0.001,neutral,0.9987,0.0031,0.0032,0.006,0.0037,0.953,0.0157,0.0153,neutral,0.953,0.8711,positive
First Reformed,2017,TOLLER,dialogue,129,252,0.5201612903225806,5,24,,0.0002,0.9991,0.0008,neutral,0.9991,0.0193,0.0081,0.0054,0.0039,0.1045,0.0038,0.8551,surprise,0.8551,0,neutral
First Reformed,2017,TOLLER,dialogue,130,254,0.5241935483870968,3,17,,0.0842,0.9151,0.0007,neutral,0.9151,0.2796,0.1243,0.0231,0.0043,0.0759,0.0139,0.4789,surprise,0.4789,0,neutral
First Reformed,2017,TOLLER,dialogue,131,256,0.5282258064516129,24,121,,0.0021,0.9974,0.0006,neutral,0.9974,0.0125,0.0289,0.0026,0.0038,0.9367,0.0095,0.006,neutral,0.9367,0.5106,positive
First Reformed,2017,TOLLER,dialogue,132,260,0.532258065,1,5,,0.0044,0.9951,0.0005,neutral,0.9951,0.0153,0.0147,0.0077,0.0047,0.0198,0.0025,0.9353,surprise,0.9353,0,neutral
First Reformed,2017,TOLLER,voice_over,133,262,0.5362903225806451,22,118,,0.0003,0.9988,0.001,neutral,0.9988,0.017,0.005,0.0204,0.0106,0.8636,0.0233,0.0601,neutral,0.8636,0,neutral
First Reformed,2017,TOLLER,voice_over,134,263,0.5403225806451613,52,281,,0.998,0.0017,0.0002,negative,0.998,0.0747,0.1791,0.5907,0.0025,0.025,0.1111,0.0169,fear,0.5907,-0.8267,negative
First Reformed,2017,TOLLER,voice_over,135,264,0.5443548387096774,19,92,,0.0089,0.9895,0.0016,neutral,0.9895,0.0181,0.0163,0.7134,0.0029,0.0933,0.1088,0.0472,fear,0.7134,-0.6705,negative
First Reformed,2017,TOLLER,voice_over,136,265,0.5483870967741935,11,50,,0.0978,0.8973,0.0049,neutral,0.8973,0.0154,0.0223,0.1628,0.0068,0.3997,0.3392,0.0538,neutral,0.3997,0,neutral
First Reformed,2017,TOLLER,voice_over,137,266,0.5524193548387096,12,69,,0.0002,0.9991,0.0007,neutral,0.9991,0.1415,0.4564,0.0052,0.0169,0.3544,0.012,0.0135,disgust,0.4564,0.34,positive
First Reformed,2017,TOLLER,dialogue,138,268,0.5564516129032258,28,167,,0.0002,0.9987,0.001,neutral,0.9987,0.0048,0.0044,0.0017,0.0232,0.9356,0.0077,0.0226,neutral,0.9356,0,neutral
First Reformed,2017,TOLLER,dialogue,139,270,0.5604838709677419,24,134,,0.0002,0.9988,0.001,neutral,0.9988,0.0098,0.0183,0.0026,0.0102,0.8861,0.0183,0.0547,neutral,0.8861,0.0772,positive
First Reformed,2017,TOLLER,dialogue,140,271,0.5645161290322581,22,123,,0.9989,0.0008,0.0002,negative,0.9989,0.0022,0.0037,0.0027,0.0052,0.0142,0.9593,0.0128,sadness,0.9593,-0.4767,negative
First Reformed,2017,TOLLER,dialogue,141,273,0.5685483870967742,8,39,,0.0005,0.9988,0.0007,neutral,0.9988,0.0142,0.0065,0.0009,0.0091,0.9221,0.016,0.0313,neutral,0.9221,0,neutral
First Reformed,2017,TOLLER,dialogue,142,275,0.5725806451612904,22,117,,0.0008,0.9984,0.0009,neutral,0.9984,0.0193,0.0162,0.0112,0.0073,0.4163,0.4007,0.1291,neutral,0.4163,0,neutral
First Reformed,2017,TOLLER,dialogue,143,281,0.5766129032258065,43,259,,0.9125,0.0869,0.0006,negative,0.9125,0.055,0.098,0.0111,0.0113,0.764,0.0275,0.033,neutral,0.764,-0.3716,negative
First Reformed,2017,TOLLER,dialogue,144,285,0.5806451612903226,28,142,,0.9989,0.0008,0.0003,negative,0.9989,0.1186,0.8453,0.0031,0.0015,0.0198,0.0085,0.0032,disgust,0.8453,0.0516,positive
First Reformed,2017,TOLLER,dialogue,145,287,0.5846774193548387,4,16,,0.0002,0.0002,0.9996,positive,0.9996,0.0263,0.0976,0.0042,0.0639,0.7907,0.0121,0.0053,neutral,0.7907,0.4404,positive
First Reformed,2017,TOLLER,dialogue,146,289,0.5887096774193549,19,111,,0.9985,0.0012,0.0003,negative,0.9985,0.4916,0.1754,0.0292,0.0047,0.2377,0.0364,0.025,anger,0.4916,-0.8671,negative
First Reformed,2017,TOLLER,dialogue,147,291,0.592741935,5,18,,0.0004,0.9986,0.001,neutral,0.9986,0.0164,0.0135,0.0081,0.1118,0.7431,0.056,0.0511,neutral,0.7431,0,neutral
First Reformed,2017,TOLLER,dialogue,148,293,0.5967741935483871,7,37,,0.0013,0.9982,0.0005,neutral,0.9982,0.0524,0.1106,0.0216,0.0034,0.7206,0.0414,0.0501,neutral,0.7206,0,neutral
First Reformed,2017,TOLLER,dialogue,149,295,0.6008064516129032,54,304,,0.0037,0.9959,0.0004,neutral,0.9959,0.2839,0.0199,0.0969,0.0154,0.2476,0.0555,0.2809,anger,0.2839,0.6966,positive
First Reformed,2017,TOLLER,dialogue,150,296,0.6048387096774194,86,494,,0.0013,0.9974,0.0013,neutral,0.9974,0.0086,0.0164,0.0246,0.026,0.1976,0.6986,0.0283,sadness,0.6986,0.6124,positive
First Reformed,2017,TOLLER,dialogue,151,305,0.6088709677419355,6,34,,0.0002,0.0002,0.9996,positive,0.9996,0.0034,0.0038,0.0014,0.86,0.0542,0.0036,0.0736,joy,0.86,0.4404,positive
First Reformed,2017,TOLLER,voice_over,152,308,0.6129032258064516,32,204,,0.0008,0.9985,0.0007,neutral,0.9985,0.0433,0.0144,0.0746,0.0458,0.6484,0.035,0.1384,neutral,0.6484,0.2406,positive
First Reformed,2017,TOLLER,dialogue,153,314,0.6169354838709677,19,114,,0.0008,0.9985,0.0007,neutral,0.9985,0.0332,0.0254,0.0088,0.0361,0.6477,0.2324,0.0163,neutral,0.6477,0.5859,positive
First Reformed,2017,TOLLER,dialogue,154,316,0.6209677419354839,9,56,,0.701,0.2978,0.0013,negative,0.701,0.0131,0.0128,0.0048,0.0015,0.8684,0.0178,0.0817,neutral,0.8684,0.4767,positive
First Reformed,2017,TOLLER,dialogue,155,321,0.625,6,25,,0.0001,0.9992,0.0007,neutral,0.9992,0.0722,0.0337,0.016,0.0299,0.824,0.0153,0.0088,neutral,0.824,0,neutral
First Reformed,2017,TOLLER,dialogue,156,323,0.6290322580645161,28,146,,0.0518,0.9476,0.0006,neutral,0.9476,0.1951,0.032,0.2671,0.0322,0.2659,0.1417,0.0659,fear,0.2671,0.8343,positive
First Reformed,2017,TOLLER,dialogue,157,325,0.6330645161290323,20,139,,0.9898,0.0097,0.0005,negative,0.9898,0.0552,0.0412,0.0098,0.0026,0.8648,0.0097,0.0167,neutral,0.8648,-0.2732,negative
First Reformed,2017,TOLLER,voice_over,158,326,0.6370967741935484,15,88,,0.0765,0.9221,0.0014,neutral,0.9221,0.2436,0.0854,0.0841,0.0079,0.4908,0.0295,0.0588,neutral,0.4908,0.5095,positive
First Reformed,2017,TOLLER,dialogue,159,328,0.6411290322580645,25,134,,0.0003,0.9991,0.0006,neutral,0.9991,0.3245,0.0961,0.01,0.0081,0.5437,0.0066,0.011,neutral,0.5437,0.8823,positive
First Reformed,2017,TOLLER,dialogue,160,330,0.6451612903225806,3,16,,0.0008,0.9952,0.0041,neutral,0.9952,0.0676,0.014,0.0128,0.0775,0.6768,0.0198,0.1315,neutral,0.6768,0.2732,positive
First Reformed,2017,TOLLER,dialogue,161,333,0.6491935483870968,10,52,,0.0005,0.9983,0.0012,neutral,0.9983,0.0205,0.0065,0.0092,0.0231,0.3791,0.3797,0.1819,sadness,0.3797,0,neutral
First Reformed,2017,TOLLER,dialogue,162,335,0.6532258064516129,1,4,,0.0002,0.9957,0.004,neutral,0.9957,0.0207,0.0233,0.0117,0.0836,0.8396,0.0094,0.0115,neutral,0.8396,0.4019,positive
First Reformed,2017,TOLLER,dialogue,163,337,0.657258065,1,4,,0.0002,0.9957,0.004,neutral,0.9957,0.0207,0.0233,0.0117,0.0836,0.8396,0.0094,0.0115,neutral,0.8396,0.4019,positive
First Reformed,2017,TOLLER,voice_over,164,339,0.6612903225806451,37,184,,0.0006,0.0051,0.9943,positive,0.9943,0.0029,0.0012,0.8498,0.0256,0.0186,0.0068,0.0951,fear,0.8498,0.7096,positive
First Reformed,2017,TOLLER,dialogue,165,341,0.6653225806451613,13,62,,0.2999,0.2735,0.4266,positive,0.4266,0.0182,0.0158,0.0033,0.5747,0.0891,0.2488,0.0501,joy,0.5747,-0.09,negative
First Reformed,2017,TOLLER,dialogue,166,343,0.6693548387096774,3,14,,0.0054,0.9862,0.0084,neutral,0.9862,0.0356,0.0319,0.0065,0.0163,0.8856,0.0069,0.0171,neutral,0.8856,0,neutral
First Reformed,2017,TOLLER,dialogue,167,345,0.6733870967741935,1,5,,0.0044,0.9951,0.0005,neutral,0.9951,0.0153,0.0147,0.0077,0.0047,0.0198,0.0025,0.9353,surprise,0.9353,0,neutral
First Reformed,2017,TOLLER,dialogue,168,347,0.6774193548387096,11,51,,0.0009,0.9987,0.0004,neutral,0.9987,0.1053,0.0175,0.0403,0.0104,0.3137,0.0151,0.4977,surprise,0.4977,0.3818,positive
First Reformed,2017,TOLLER,dialogue,169,349,0.6814516129032258,4,12,,0.0063,0.95,0.0437,neutral,0.95,0.1078,0.0151,0.0621,0.1393,0.6308,0.0207,0.0243,neutral,0.6308,0,neutral
First Reformed,2017,TOLLER,dialogue,170,350,0.6854838709677419,3,17,,0.0002,0.999,0.0008,neutral,0.999,0.1294,0.0092,0.0175,0.0142,0.7651,0.0084,0.0562,neutral,0.7651,0,neutral
First Reformed,2017,TOLLER,dialogue,171,352,0.6895161290322581,3,22,,0.0002,0.9991,0.0007,neutral,0.9991,0.0143,0.0044,0.0054,0.0082,0.7877,0.0061,0.1739,neutral,0.7877,0,neutral
First Reformed,2017,TOLLER,dialogue,172,354,0.6935483870967742,5,16,,0.0002,0.9992,0.0006,neutral,0.9992,0.0121,0.0091,0.0076,0.0078,0.7463,0.0056,0.2116,neutral,0.7463,0,neutral
First Reformed,2017,TOLLER,dialogue,173,356,0.6975806451612904,20,110,,0.9384,0.0611,0.0005,negative,0.9384,0.0358,0.0174,0.5858,0.0031,0.1025,0.1465,0.1087,fear,0.5858,-0.2469,negative
First Reformed,2017,TOLLER,dialogue,174,358,0.7016129032258065,10,58,,0.0108,0.9888,0.0005,neutral,0.9888,0.004,0.0025,0.0086,0.0019,0.0183,0.0063,0.9584,surprise,0.9584,0,neutral
First Reformed,2017,TOLLER,dialogue,175,361,0.7056451612903226,13,65,,0.0005,0.9984,0.0012,neutral,0.9984,0.0251,0.0299,0.006,0.0046,0.8894,0.0312,0.0138,neutral,0.8894,0.4939,positive
First Reformed,2017,TOLLER,dialogue,176,364,0.7096774193548387,4,18,,0.5997,0.3964,0.0039,negative,0.5997,0.1715,0.2705,0.139,0.0078,0.2913,0.0931,0.0268,neutral,0.2913,0,neutral
First Reformed,2017,TOLLER,voice_over,177,365,0.7137096774193549,25,122,,0.8658,0.1333,0.0009,negative,0.8658,0.7166,0.125,0.0404,0.0052,0.0975,0.0117,0.0035,anger,0.7166,-0.0516,negative
First Reformed,2017,TOLLER,voice_over,178,366,0.717741935,20,114,,0.9987,0.001,0.0003,negative,0.9987,0.0313,0.013,0.068,0.0045,0.0684,0.791,0.0237,sadness,0.791,-0.224,negative
First Reformed,2017,TOLLER,voice_over,179,367,0.7217741935483871,7,29,,0.0018,0.9977,0.0005,neutral,0.9977,0.0747,0.0467,0.1315,0.0308,0.5793,0.1069,0.0301,neutral,0.5793,-0.0951,negative
First Reformed,2017,TOLLER,dialogue,180,368,0.7258064516129032,96,475,,0.0103,0.9888,0.001,neutral,0.9888,0.3902,0.147,0.005,0.3378,0.0986,0.0176,0.0038,anger,0.3902,-0.551,negative
First Reformed,2017,TOLLER,dialogue,181,377,0.7298387096774194,4,24,,0.9991,0.0006,0.0004,negative,0.9991,0.0302,0.6786,0.0862,0.0041,0.0444,0.1215,0.035,disgust,0.6786,-0.3412,negative
First Reformed,2017,TOLLER,dialogue,182,379,0.7338709677419355,1,7,,0.9953,0.0035,0.0012,negative,0.9953,0.0785,0.1881,0.3296,0.0037,0.1269,0.2609,0.0124,fear,0.3296,-0.6597,negative
First Reformed,2017,TOLLER,dialogue,183,381,0.7379032258064516,4,22,,0.0004,0.999,0.0006,neutral,0.999,0.0834,0.043,0.0915,0.0052,0.5437,0.0925,0.1408,neutral,0.5437,0,neutral
First Reformed,2017,TOLLER,dialogue,184,383,0.7419354838709677,1,4,,0.0002,0.9957,0.004,neutral,0.9957,0.0207,0.0233,0.0117,0.0836,0.8396,0.0094,0.0115,neutral,0.8396,0.4019,positive
First Reformed,2017,TOLLER,dialogue,185,385,0.7459677419354839,5,20,,0.0264,0.9659,0.0077,neutral,0.9659,0.056,0.1317,0.0132,0.0743,0.6427,0.0727,0.0094,neutral,0.6427,0,neutral
First Reformed,2017,TOLLER,dialogue,186,387,0.75,2,14,,0.0024,0.9947,0.003,neutral,0.9947,0.0089,0.0171,0.003,0.009,0.9552,0.0029,0.0039,neutral,0.9552,0,neutral
First Reformed,2017,TOLLER,dialogue,187,389,0.7540322580645161,6,32,,0.0008,0.0012,0.998,positive,0.998,0.0032,0.0156,0.002,0.9406,0.0299,0.0054,0.0033,joy,0.9406,0.4927,positive
First Reformed,2017,TOLLER,dialogue,188,394,0.7580645161290323,2,14,,0.0004,0.9985,0.0012,neutral,0.9985,0.0025,0.0044,0.0045,0.0395,0.9094,0.0167,0.0229,neutral,0.9094,0,neutral
First Reformed,2017,TOLLER,dialogue,189,396,0.7620967741935484,15,89,,0.0002,0.9989,0.0009,neutral,0.9989,0.0048,0.0031,0.0032,0.0034,0.9115,0.0177,0.0563,neutral,0.9115,0,neutral
First Reformed,2017,TOLLER,dialogue,190,398,0.7661290322580645,1,5,,0.0006,0.9917,0.0077,neutral,0.9917,0.0409,0.1536,0.0101,0.0282,0.7186,0.0335,0.0152,neutral,0.7186,0.296,positive
First Reformed,2017,TOLLER,dialogue,191,400,0.7701612903225806,4,25,,0.0011,0.9978,0.0012,neutral,0.9978,0.0732,0.4289,0.2489,0.0053,0.1334,0.0904,0.0199,disgust,0.4289,0,neutral
First Reformed,2017,TOLLER,dialogue,192,402,0.7741935483870968,5,22,,0.0003,0.9992,0.0005,neutral,0.9992,0.1659,0.0148,0.0292,0.088,0.254,0.0093,0.4389,surprise,0.4389,0,neutral
First Reformed,2017,TOLLER,dialogue,193,404,0.7782258064516129,3,15,,0.9986,0.0011,0.0003,negative,0.9986,0.8648,0.0855,0.0084,0.0017,0.0247,0.0129,0.0019,anger,0.8648,-0.296,negative
First Reformed,2017,TOLLER,dialogue,194,406,0.782258065,34,199,,0.9991,0.0006,0.0003,negative,0.9991,0.6236,0.1037,0.1244,0.0053,0.1103,0.0268,0.0059,anger,0.6236,-0.6486,negative
First Reformed,2017,TOLLER,dialogue,195,408,0.7862903225806451,4,23,,0.0003,0.9991,0.0006,neutral,0.9991,0.5426,0.1222,0.0196,0.005,0.0754,0.0145,0.2207,anger,0.5426,0,neutral
First Reformed,2017,TOLLER,dialogue,196,410,0.7903225806451613,20,102,,0.9991,0.0006,0.0003,negative,0.9991,0.8853,0.0834,0.0046,0.0011,0.0178,0.0062,0.0015,anger,0.8853,-0.8176,negative
First Reformed,2017,TOLLER,voice_over,197,411,0.7943548387096774,16,98,,0.0106,0.8887,0.1007,neutral,0.8887,0.002,0.0021,0.0026,0.9688,0.0154,0.0028,0.0064,joy,0.9688,0.4404,positive
First Reformed,2017,TOLLER,voice_over,198,412,0.7983870967741935,17,84,,0.0008,0.9982,0.0011,neutral,0.9982,0.0132,0.0056,0.086,0.164,0.4584,0.0088,0.264,neutral,0.4584,0,neutral
First Reformed,2017,TOLLER,voice_over,199,414,0.8024193548387096,21,110,,0.0376,0.9608,0.0017,neutral,0.9608,0.0256,0.0264,0.0084,0.326,0.2904,0.1877,0.1356,joy,0.326,-0.1926,negative
First Reformed,2017,TOLLER,voice_over,200,415,0.8064516129032258,29,161,,0.0546,0.9445,0.0009,neutral,0.9445,0.0486,0.011,0.0179,0.0411,0.782,0.0881,0.0112,neutral,0.782,-0.1154,negative
First Reformed,2017,TOLLER,dialogue,201,417,0.8104838709677419,8,42,,0.9968,0.0028,0.0004,negative,0.9968,0.0205,0.0179,0.0314,0.0033,0.0856,0.0413,0.8,surprise,0.8,-0.4767,negative
First Reformed,2017,TOLLER,dialogue,202,419,0.8145161290322581,6,30,,0.0002,0.9991,0.0006,neutral,0.9991,0.0184,0.0689,0.0147,0.0022,0.5797,0.0277,0.2883,neutral,0.5797,0,neutral
First Reformed,2017,TOLLER,dialogue,203,421,0.8185483870967742,2,10,,0.0006,0.9986,0.0008,neutral,0.9986,0.006,0.0047,0.0029,0.1289,0.812,0.0082,0.0374,neutral,0.812,0.3612,positive
First Reformed,2017,TOLLER,dialogue,204,422,0.8225806451612904,1,5,,0.0058,0.9932,0.001,neutral,0.9932,0.0064,0.0118,0.0218,0.0073,0.8783,0.0143,0.0601,neutral,0.8783,0,neutral
First Reformed,2017,TOLLER,dialogue,205,424,0.8266129032258065,2,10,,0.0006,0.9963,0.0031,neutral,0.9963,0.0365,0.0599,0.0435,0.0807,0.7077,0.0469,0.0249,neutral,0.7077,0,neutral
First Reformed,2017,TOLLER,dialogue,206,425,0.8306451612903226,7,35,,0.0005,0.9988,0.0007,neutral,0.9988,0.104,0.0281,0.0151,0.016,0.4751,0.0095,0.3523,neutral,0.4751,0,neutral
First Reformed,2017,TOLLER,dialogue,207,428,0.8346774193548387,9,49,,0.0002,0.9966,0.0031,neutral,0.9966,0.001,0.0015,0.0003,0.9348,0.0122,0.005,0.0451,joy,0.9348,0.4588,positive
First Reformed,2017,TOLLER,dialogue,208,430,0.8387096774193549,5,26,,0.0003,0.9989,0.0008,neutral,0.9989,0.0113,0.0086,0.0109,0.0042,0.8856,0.0442,0.0352,neutral,0.8856,0,neutral
First Reformed,2017,TOLLER,dialogue,209,432,0.842741935,1,8,,0.0002,0.9993,0.0005,neutral,0.9993,0.0279,0.0068,0.0482,0.0061,0.2441,0.006,0.6609,surprise,0.6609,0,neutral
First Reformed,2017,TOLLER,dialogue,210,434,0.8467741935483871,1,3,,0.9983,0.0013,0.0004,negative,0.9983,0.1665,0.189,0.128,0.0106,0.4044,0.09,0.0114,neutral,0.4044,0,neutral
First Reformed,2017,TOLLER,dialogue,211,436,0.8508064516129032,5,23,,0.0182,0.8776,0.1042,neutral,0.8776,0.1136,0.0103,0.0132,0.1195,0.7215,0.0053,0.0166,neutral,0.7215,0,neutral
First Reformed,2017,TOLLER,dialogue,212,438,0.8548387096774194,8,48,,0.001,0.9985,0.0005,neutral,0.9985,0.0088,0.0021,0.9565,0.001,0.0172,0.0043,0.01,fear,0.9565,-0.7717,negative
First Reformed,2017,TOLLER,dialogue,213,440,0.8588709677419355,5,25,,0.0002,0.9992,0.0006,neutral,0.9992,0.0303,0.0036,0.0189,0.0137,0.364,0.0096,0.5599,surprise,0.5599,0.4019,positive
First Reformed,2017,TOLLER,dialogue,214,442,0.8629032258064516,4,24,,0.0023,0.9974,0.0003,neutral,0.9974,0.0253,0.0113,0.3923,0.0021,0.0659,0.4872,0.0159,sadness,0.4872,0,neutral
First Reformed,2017,TOLLER,dialogue,215,444,0.8669354838709677,7,27,,0.0002,0.9992,0.0006,neutral,0.9992,0.059,0.018,0.006,0.0076,0.0429,0.0037,0.8629,surprise,0.8629,0.0772,positive
First Reformed,2017,TOLLER,dialogue,216,446,0.8709677419354839,3,14,,0.0004,0.9988,0.0008,neutral,0.9988,0.5942,0.1009,0.0103,0.0214,0.2602,0.007,0.0059,anger,0.5942,0.2263,positive
First Reformed,2017,TOLLER,dialogue,217,448,0.875,7,28,,0.0002,0.999,0.0008,neutral,0.999,0.0361,0.0073,0.0124,0.0161,0.0723,0.0051,0.8507,surprise,0.8507,0,neutral
First Reformed,2017,TOLLER,dialogue,218,450,0.8790322580645161,3,15,,0.0002,0.9992,0.0006,neutral,0.9992,0.028,0.0083,0.0052,0.0163,0.1361,0.0058,0.8003,surprise,0.8003,0,neutral
First Reformed,2017,TOLLER,dialogue,219,459,0.8830645161290323,45,275,,0.0006,0.9987,0.0008,neutral,0.9987,0.0646,0.0488,0.0385,0.0344,0.7643,0.0236,0.0256,neutral,0.7643,0.631,positive
First Reformed,2017,TOLLER,dialogue,220,460,0.8870967741935484,5,23,,0.0005,0.999,0.0005,neutral,0.999,0.2685,0.0194,0.2133,0.0204,0.1403,0.1181,0.2198,anger,0.2685,0.4696,positive
First Reformed,2017,TOLLER,dialogue,221,461,0.8911290322580645,23,106,,0.0002,0.9991,0.0007,neutral,0.9991,0.2732,0.0263,0.2854,0.0117,0.1959,0.0171,0.1905,fear,0.2854,0,neutral
First Reformed,2017,TOLLER,dialogue,222,462,0.8951612903225806,41,242,,0.0132,0.9855,0.0014,neutral,0.9855,0.0176,0.0213,0.9193,0.0016,0.0223,0.0052,0.0128,fear,0.9193,0.1877,positive
First Reformed,2017,TOLLER,voice_over,223,463,0.8991935483870968,23,129,,0.9982,0.0014,0.0004,negative,0.9982,0.0207,0.1047,0.0543,0.0041,0.0298,0.7736,0.0127,sadness,0.7736,-0.296,negative
First Reformed,2017,TOLLER,voice_over,224,465,0.9032258064516128,9,42,,0.0002,0.999,0.0007,neutral,0.999,0.0046,0.0025,0.0079,0.0028,0.9402,0.0081,0.0339,neutral,0.9402,0,neutral
First Reformed,2017,TOLLER,voice_over,225,466,0.907258065,19,123,,0.0007,0.9956,0.0038,neutral,0.9956,0.0105,0.014,0.0036,0.0045,0.9454,0.0038,0.018,neutral,0.9454,0.6486,positive
First Reformed,2017,TOLLER,dialogue,226,469,0.9112903225806452,2,7,,0.0002,0.9993,0.0005,neutral,0.9993,0.0885,0.0195,0.027,0.0076,0.0757,0.0066,0.7751,surprise,0.7751,0,neutral
First Reformed,2017,TOLLER,dialogue,227,471,0.9153225806451613,5,23,,0.0004,0.9988,0.0008,neutral,0.9988,0.0582,0.0321,0.2106,0.0349,0.5265,0.1244,0.0133,neutral,0.5265,0,neutral
First Reformed,2017,TOLLER,dialogue,228,474,0.9193548387096774,6,38,,0.9978,0.0013,0.0009,negative,0.9978,0.0192,0.0499,0.0634,0.0079,0.0439,0.803,0.0127,sadness,0.803,-0.4019,negative
First Reformed,2017,TOLLER,dialogue,229,476,0.9233870967741936,6,31,,0.0006,0.9669,0.0325,neutral,0.9669,0.0036,0.0092,0.0018,0.0259,0.9399,0.0099,0.0099,neutral,0.9399,0,neutral
First Reformed,2017,TOLLER,dialogue,230,478,0.9274193548387096,8,39,,0.9726,0.0244,0.003,negative,0.9726,0.1626,0.0729,0.0732,0.1053,0.4089,0.1695,0.0076,neutral,0.4089,0.7269,positive
First Reformed,2017,TOLLER,dialogue,231,481,0.9314516129032258,7,34,,0.2489,0.7502,0.001,neutral,0.7502,0.3546,0.0306,0.0478,0.0052,0.0688,0.0483,0.4448,surprise,0.4448,-0.25,negative
First Reformed,2017,TOLLER,dialogue,232,483,0.935483871,73,402,,0.048,0.9514,0.0006,neutral,0.9514,0.1707,0.0783,0.0127,0.0064,0.6758,0.0111,0.0449,neutral,0.6758,0.9338,positive
First Reformed,2017,TOLLER,dialogue,233,485,0.939516129,33,176,,0.0043,0.9954,0.0003,neutral,0.9954,0.1439,0.3387,0.012,0.0046,0.4752,0.0102,0.0155,neutral,0.4752,0.4156,positive
First Reformed,2017,TOLLER,dialogue,234,487,0.9435483870967742,14,72,,0.0155,0.9813,0.0032,neutral,0.9813,0.1702,0.0292,0.1102,0.0095,0.4619,0.1641,0.0548,neutral,0.4619,0,neutral
First Reformed,2017,TOLLER,dialogue,235,489,0.9475806451612904,6,37,,0.3549,0.635,0.0102,neutral,0.635,0.4467,0.0564,0.1134,0.0184,0.2795,0.0435,0.0421,anger,0.4467,0.4829,positive
First Reformed,2017,TOLLER,dialogue,236,492,0.9516129032258064,29,143,,0.0003,0.9982,0.0016,neutral,0.9982,0.0249,0.0177,0.0192,0.3344,0.4973,0.0802,0.0263,neutral,0.4973,0.2263,positive
First Reformed,2017,TOLLER,dialogue,237,494,0.9556451612903226,3,11,,0.1387,0.8589,0.0024,neutral,0.8589,0.0828,0.174,0.0688,0.0013,0.595,0.0523,0.0259,neutral,0.595,0,neutral
First Reformed,2017,TOLLER,dialogue,238,497,0.9596774193548387,17,80,,0.0002,0.0005,0.9993,positive,0.9993,0.0019,0.0034,0.0011,0.9342,0.0309,0.0043,0.0243,joy,0.9342,0.7645,positive
First Reformed,2017,TOLLER,dialogue,239,499,0.9637096774193548,112,573,,0.0152,0.9842,0.0006,neutral,0.9842,0.006,0.0062,0.0826,0.006,0.0512,0.8161,0.0319,sadness,0.8161,0.7227,positive
First Reformed,2017,TOLLER,dialogue,240,500,0.967741935,10,50,,0.002,0.9974,0.0006,neutral,0.9974,0.0048,0.0038,0.087,0.0118,0.1334,0.3121,0.4471,surprise,0.4471,-0.5574,negative
First Reformed,2017,TOLLER,dialogue,241,502,0.9717741935483872,4,22,,0.0003,0.9969,0.0029,neutral,0.9969,0.0035,0.0033,0.0028,0.0115,0.9669,0.004,0.008,neutral,0.9669,0,neutral
First Reformed,2017,TOLLER,dialogue,242,504,0.9758064516129032,5,25,,0.9974,0.0021,0.0004,negative,0.9974,0.0445,0.0502,0.0122,0.002,0.8465,0.0331,0.0114,neutral,0.8465,-0.296,negative
First Reformed,2017,TOLLER,dialogue,243,506,0.9798387096774194,3,19,,0.8504,0.1483,0.0014,negative,0.8504,0.0255,0.0526,0.0275,0.0026,0.822,0.0595,0.0103,neutral,0.822,0,neutral
First Reformed,2017,TOLLER,dialogue,244,508,0.9838709677419356,17,83,,0.9988,0.0007,0.0005,negative,0.9988,0.1153,0.4647,0.0016,0.039,0.3611,0.0093,0.0089,disgust,0.4647,0.4468,positive
First Reformed,2017,TOLLER,dialogue,245,510,0.9879032258064516,3,10,,0.0287,0.9619,0.0095,neutral,0.9619,0.3121,0.0861,0.076,0.0292,0.4178,0.0687,0.0101,neutral,0.4178,0,neutral
First Reformed,2017,TOLLER,dialogue,246,512,0.9919354838709676,9,46,,0.9988,0.0009,0.0003,negative,0.9988,0.1971,0.0828,0.5769,0.0046,0.0941,0.0345,0.01,fear,0.5769,0.1058,positive
First Reformed,2017,TOLLER,voice_over,247,514,0.995967742,7,36,,0.0005,0.9981,0.0014,neutral,0.9981,0.0029,0.0027,0.023,0.2842,0.3515,0.0235,0.3121,neutral,0.3515,0,neutral
First Reformed,2017,TOLLER,voice_over,248,519,1,9,50,,0.9963,0.0027,0.0009,negative,0.9963,0.0269,0.1001,0.038,0.0126,0.0857,0.5328,0.2038,sadness,0.5328,-0.4215,negative
The Card Counter,2021,TELL,voice_over,1,2,0.003460208,55,281,,0.8554,0.1434,0.0012,negative,0.8554,0.0023,0.0014,0.989,0.0011,0.0022,0.0027,0.0014,fear,0.989,-0.4939,negative
The Card Counter,2021,TELL,voice_over,2,3,0.006920415,8,45,,0.9989,0.0008,0.0003,negative,0.9989,0.0048,0.0087,0.9701,0.0006,0.0057,0.0033,0.0067,fear,0.9701,-0.0772,negative
The Card Counter,2021,TELL,voice_over,3,4,0.010380623,18,96,,0.0018,0.9937,0.0044,neutral,0.9937,0.0026,0.0023,0.0022,0.2382,0.0147,0.0051,0.7349,surprise,0.7349,0.024,neutral
The Card Counter,2021,TELL,voice_over,4,5,0.01384083,44,258,,0.0474,0.5991,0.3535,neutral,0.5991,0.0104,0.0349,0.0683,0.3338,0.5194,0.0153,0.0179,neutral,0.5194,0.8042,positive
The Card Counter,2021,TELL,voice_over,5,6,0.017301038,30,153,,0.0077,0.4835,0.5087,positive,0.5087,0.0019,0.0038,0.0088,0.7458,0.0429,0.0114,0.1855,joy,0.7458,0.4215,positive
The Card Counter,2021,TELL,voice_over,6,7,0.020761246,9,42,,0.0007,0.9984,0.0009,neutral,0.9984,0.1316,0.1355,0.3664,0.0852,0.2047,0.0469,0.0298,fear,0.3664,-0.5106,negative
The Card Counter,2021,TELL,voice_over,7,8,0.024221453,62,332,,0.0004,0.9989,0.0007,neutral,0.9989,0.0339,0.0195,0.0044,0.0048,0.91,0.0036,0.0238,neutral,0.91,0.6597,positive
The Card Counter,2021,TELL,voice_over,8,9,0.027681661,64,341,,0.0006,0.9989,0.0005,neutral,0.9989,0.0342,0.0128,0.0031,0.0057,0.914,0.0093,0.021,neutral,0.914,-0.162,negative
The Card Counter,2021,TELL,voice_over,9,10,0.031141869,76,414,,0.0003,0.9991,0.0006,neutral,0.9991,0.0225,0.0095,0.0019,0.0068,0.9482,0.002,0.009,neutral,0.9482,0.8253,positive
The Card Counter,2021,TELL,dialogue,10,11,0.034602076,6,33,,0.0033,0.9908,0.0059,neutral,0.9908,0.0371,0.0495,0.004,0.0126,0.8725,0.0148,0.0094,neutral,0.8725,0.2732,positive
The Card Counter,2021,TELL,dialogue,11,12,0.038062284,4,22,,0.0002,0.0002,0.9996,positive,0.9996,0.0011,0.0023,0.0004,0.938,0.0313,0.0065,0.0204,joy,0.938,0.5574,positive
The Card Counter,2021,TELL,dialogue,12,13,0.041522491,2,9,,0.0036,0.4786,0.5178,positive,0.5178,0.0026,0.0053,0.0008,0.7087,0.2518,0.0072,0.0237,joy,0.7087,0.4404,positive
The Card Counter,2021,TELL,dialogue,13,15,0.044982699,12,56,,0.0002,0.9988,0.0009,neutral,0.9988,0.0079,0.006,0.0038,0.0138,0.9434,0.0128,0.0123,neutral,0.9434,0.2732,positive
The Card Counter,2021,TELL,dialogue,14,17,0.048442907,2,13,,0.0006,0.9987,0.0008,neutral,0.9987,0.0152,0.0257,0.0993,0.0331,0.7448,0.0146,0.0673,neutral,0.7448,0,neutral
The Card Counter,2021,TELL,dialogue,15,19,0.051903114,4,14,,0.0002,0.9993,0.0005,neutral,0.9993,0.0264,0.0194,0.0109,0.0035,0.316,0.0167,0.6071,surprise,0.6071,0,neutral
The Card Counter,2021,TELL,dialogue,16,21,0.055363322,2,8,,0.0014,0.0094,0.9892,positive,0.9892,0.2076,0.0572,0.0525,0.0347,0.5772,0.0088,0.0621,neutral,0.5772,0,neutral
The Card Counter,2021,TELL,dialogue,17,23,0.058823529,5,25,,0.0004,0.9978,0.0018,neutral,0.9978,0.0092,0.015,0.0163,0.0594,0.7688,0.0673,0.0639,neutral,0.7688,0,neutral
The Card Counter,2021,TELL,dialogue,18,25,0.062283737,4,22,,0.0002,0.9993,0.0006,neutral,0.9993,0.0372,0.0082,0.0101,0.0094,0.2744,0.0032,0.6576,surprise,0.6576,0,neutral
The Card Counter,2021,TELL,dialogue,19,27,0.065743945,4,22,,0.0003,0.0004,0.9992,positive,0.9992,0.0021,0.0051,0.0016,0.9079,0.0654,0.0056,0.0123,joy,0.9079,0.6705,positive
The Card Counter,2021,TELL,dialogue,20,29,0.069204152,9,62,,0.0094,0.9892,0.0013,neutral,0.9892,0.0653,0.053,0.0109,0.0063,0.827,0.0198,0.0176,neutral,0.827,-0.3612,negative
The Card Counter,2021,TELL,voice_over,21,31,0.07266436,4,22,,0.0007,0.9986,0.0007,neutral,0.9986,0.0172,0.0306,0.0575,0.0141,0.7035,0.0321,0.145,neutral,0.7035,0,neutral
The Card Counter,2021,TELL,dialogue,22,33,0.076124567,6,39,,0.2399,0.3629,0.3973,positive,0.3973,0.013,0.024,0.0039,0.0179,0.9115,0.0034,0.0262,neutral,0.9115,0.4939,positive
The Card Counter,2021,TELL,dialogue,23,35,0.079584775,8,42,,0.0002,0.9976,0.0022,neutral,0.9976,0.0135,0.0109,0.0071,0.0266,0.9038,0.0061,0.0319,neutral,0.9038,0,neutral
The Card Counter,2021,TELL,dialogue,24,37,0.083044983,4,23,,0.0005,0.997,0.0025,neutral,0.997,0.0065,0.0085,0.0152,0.0739,0.8479,0.0178,0.0302,neutral,0.8479,0,neutral
The Card Counter,2021,TELL,dialogue,25,39,0.08650519,2,15,,0.0034,0.9803,0.0163,neutral,0.9803,0.0134,0.5398,0.055,0.015,0.3076,0.021,0.0482,disgust,0.5398,0,neutral
The Card Counter,2021,TELL,dialogue,26,43,0.089965398,4,26,,0.0004,0.9992,0.0004,neutral,0.9992,0.372,0.0775,0.0275,0.0084,0.2196,0.0208,0.2742,anger,0.372,-0.4019,negative
The Card Counter,2021,TELL,dialogue,27,46,0.093425606,4,21,,0.0004,0.0015,0.9981,positive,0.9981,0.0127,0.012,0.0008,0.0242,0.9169,0.0056,0.0278,neutral,0.9169,0,neutral
The Card Counter,2021,TELL,dialogue,28,48,0.096885813,25,142,,0.0035,0.81,0.1865,neutral,0.81,0.0197,0.058,0.0027,0.1237,0.7429,0.0117,0.0413,neutral,0.7429,0.4404,positive
The Card Counter,2021,TELL,dialogue,29,50,0.1003460207612456,6,30,,0.0004,0.9966,0.003,neutral,0.9966,0.0142,0.0074,0.0048,0.4793,0.4492,0.0049,0.04,joy,0.4793,0,neutral
The Card Counter,2021,TELL,dialogue,30,52,0.1038062283737024,12,94,,0.0003,0.9988,0.0008,neutral,0.9988,0.0044,0.0047,0.0063,0.0907,0.8038,0.0137,0.0765,neutral,0.8038,0,neutral
The Card Counter,2021,TELL,dialogue,31,54,0.1072664359861591,7,42,,0.0002,0.9988,0.0009,neutral,0.9988,0.0613,0.0211,0.052,0.0107,0.6494,0.0456,0.1599,neutral,0.6494,0.2263,positive
The Card Counter,2021,TELL,dialogue,32,58,0.1107266435986159,2,13,,0.0002,0.9991,0.0007,neutral,0.9991,0.0469,0.0166,0.0115,0.0132,0.819,0.0191,0.0736,neutral,0.819,0,neutral
The Card Counter,2021,TELL,dialogue,33,60,0.1141868512110726,4,19,,0.9987,0.0008,0.0005,negative,0.9987,0.0617,0.1454,0.1098,0.0182,0.4614,0.1414,0.0621,neutral,0.4614,-0.3089,negative
The Card Counter,2021,TELL,dialogue,34,62,0.1176470588235294,4,21,,0.9984,0.0012,0.0004,negative,0.9984,0.0468,0.0127,0.0232,0.0064,0.8019,0.081,0.0281,neutral,0.8019,0.0258,neutral
The Card Counter,2021,TELL,voice_over,35,63,0.1211072664359861,26,129,,0.999,0.0007,0.0003,negative,0.999,0.6102,0.3414,0.0026,0.0019,0.0327,0.008,0.0032,anger,0.6102,0.5267,positive
The Card Counter,2021,TELL,dialogue,36,65,0.1245674740484429,50,254,,0.1089,0.8903,0.0007,neutral,0.8903,0.0477,0.0582,0.0024,0.0191,0.861,0.0073,0.0043,neutral,0.861,0.9348,positive
The Card Counter,2021,TELL,dialogue,37,67,0.1280276816608996,2,13,,0.0006,0.9987,0.0008,neutral,0.9987,0.0152,0.0257,0.0993,0.0331,0.7448,0.0146,0.0673,neutral,0.7448,0,neutral
The Card Counter,2021,TELL,dialogue,38,69,0.1314878892733564,4,15,,0.0002,0.9991,0.0007,neutral,0.9991,0.0462,0.0065,0.0105,0.4799,0.3989,0.0064,0.0515,joy,0.4799,0.0772,positive
The Card Counter,2021,TELL,dialogue,39,71,0.1349480968858131,5,23,,0.0005,0.9986,0.0009,neutral,0.9986,0.0271,0.0102,0.0096,0.017,0.9236,0.0082,0.0043,neutral,0.9236,0.34,positive
The Card Counter,2021,TELL,dialogue,40,73,0.1384083044982699,8,37,,0.0002,0.999,0.0008,neutral,0.999,0.0574,0.0163,0.0064,0.0108,0.2911,0.0027,0.6151,surprise,0.6151,0.3736,positive
The Card Counter,2021,TELL,dialogue,41,75,0.1418685121107266,7,33,,0.0012,0.9973,0.0016,neutral,0.9973,0.013,0.0132,0.034,0.0099,0.9069,0.0148,0.0083,neutral,0.9069,0,neutral
The Card Counter,2021,TELL,dialogue,42,77,0.1453287197231834,5,23,,0.0002,0.9992,0.0006,neutral,0.9992,0.1142,0.0515,0.0169,0.0031,0.0716,0.006,0.7367,surprise,0.7367,0,neutral
The Card Counter,2021,TELL,dialogue,43,79,0.1487889273356401,69,372,,0.9827,0.0169,0.0004,negative,0.9827,0.0246,0.0158,0.0028,0.012,0.905,0.01,0.0299,neutral,0.905,0.8047,positive
The Card Counter,2021,TELL,dialogue,44,81,0.1522491349480969,1,5,,0.1378,0.8616,0.0006,neutral,0.8616,0.2893,0.0703,0.036,0.0079,0.14,0.0169,0.4396,surprise,0.4396,0,neutral
The Card Counter,2021,TELL,dialogue,45,83,0.1557093425605536,4,19,,0.0095,0.985,0.0054,neutral,0.985,0.0164,0.0198,0.0102,0.0257,0.8319,0.0389,0.057,neutral,0.8319,0,neutral
The Card Counter,2021,TELL,voice_over,46,85,0.1591695501730103,54,322,,0.0005,0.9988,0.0007,neutral,0.9988,0.0448,0.0214,0.0085,0.0077,0.8959,0.0048,0.017,neutral,0.8959,0.9211,positive
The Card Counter,2021,TELL,voice_over,47,86,0.1626297577854671,60,303,,0.0132,0.986,0.0007,neutral,0.986,0.0593,0.1243,0.0064,0.0047,0.7896,0.0102,0.0054,neutral,0.7896,0.5719,positive
The Card Counter,2021,TELL,voice_over,48,92,0.1660899653979238,31,163,,0.0011,0.9982,0.0008,neutral,0.9982,0.0969,0.0283,0.034,0.0496,0.7537,0.009,0.0285,neutral,0.7537,0.8316,positive
The Card Counter,2021,TELL,dialogue,49,93,0.1695501730103806,4,28,,0.0002,0.0003,0.9996,positive,0.9996,0.0093,0.0042,0.0033,0.0763,0.8471,0.0053,0.0545,neutral,0.8471,0.4588,positive
The Card Counter,2021,TELL,dialogue,50,94,0.1730103806228373,26,128,,0.0002,0.9988,0.001,neutral,0.9988,0.0076,0.0016,0.0028,0.1893,0.2123,0.0252,0.5612,surprise,0.5612,0.0772,positive
The Card Counter,2021,TELL,dialogue,51,95,0.1764705882352941,4,17,,0.0002,0.9992,0.0006,neutral,0.9992,0.0224,0.0076,0.0057,0.0356,0.2764,0.0047,0.6476,surprise,0.6476,0.0772,positive
The Card Counter,2021,TELL,dialogue,52,97,0.1799307958477508,5,29,,0.0002,0.9987,0.0011,neutral,0.9987,0.011,0.0189,0.0022,0.0142,0.9396,0.0061,0.0079,neutral,0.9396,0,neutral
The Card Counter,2021,TELL,dialogue,53,98,0.1833910034602076,5,23,,0.0002,0.9991,0.0007,neutral,0.9991,0.1215,0.076,0.0117,0.0047,0.2428,0.0074,0.5358,surprise,0.5358,0,neutral
The Card Counter,2021,TELL,dialogue,54,100,0.1868512110726643,8,41,,0.0005,0.999,0.0004,neutral,0.999,0.0587,0.029,0.0048,0.6814,0.2004,0.009,0.0168,joy,0.6814,0.4019,positive
The Card Counter,2021,TELL,dialogue,55,102,0.1903114186851211,5,27,,0.0002,0.9991,0.0007,neutral,0.9991,0.1444,0.0696,0.0144,0.0057,0.0547,0.0067,0.7045,surprise,0.7045,0,neutral
The Card Counter,2021,TELL,dialogue,56,104,0.1937716262975778,3,12,,0.0003,0.9992,0.0006,neutral,0.9992,0.0332,0.0098,0.0113,0.0084,0.0473,0.0033,0.8868,surprise,0.8868,0,neutral
The Card Counter,2021,TELL,dialogue,57,106,0.1972318339100346,8,44,,0.0043,0.995,0.0007,neutral,0.995,0.0253,0.0311,0.042,0.0018,0.2276,0.0173,0.6549,surprise,0.6549,0,neutral
The Card Counter,2021,TELL,dialogue,58,108,0.2006920415224913,5,30,,0.0002,0.9991,0.0007,neutral,0.9991,0.0417,0.0135,0.0107,0.0084,0.8063,0.0081,0.1113,neutral,0.8063,0,neutral
The Card Counter,2021,TELL,dialogue,59,110,0.2041522491349481,2,9,,0.0002,0.9992,0.0006,neutral,0.9992,0.035,0.0096,0.0118,0.01,0.1375,0.0031,0.793,surprise,0.793,0,neutral
The Card Counter,2021,TELL,dialogue,60,112,0.2076124567474048,6,30,,0.0002,0.9992,0.0005,neutral,0.9992,0.1152,0.0284,0.0331,0.0107,0.3281,0.0172,0.4673,surprise,0.4673,0,neutral
The Card Counter,2021,TELL,dialogue,61,114,0.2110726643598615,6,25,,0.0002,0.9991,0.0007,neutral,0.9991,0.1125,0.0288,0.0284,0.0024,0.6569,0.0232,0.1479,neutral,0.6569,0,neutral
The Card Counter,2021,TELL,dialogue,62,116,0.2145328719723183,7,30,,0.0002,0.999,0.0008,neutral,0.999,0.15,0.0614,0.0665,0.0043,0.2369,0.028,0.4529,surprise,0.4529,0,neutral
The Card Counter,2021,TELL,dialogue,63,119,0.2179930795847751,3,16,,0.0003,0.999,0.0007,neutral,0.999,0.0724,0.038,0.0078,0.0081,0.1186,0.0047,0.7505,surprise,0.7505,0,neutral
The Card Counter,2021,TELL,dialogue,64,121,0.2214532871972318,4,17,,0.0003,0.9988,0.0009,neutral,0.9988,0.1068,0.0451,0.0568,0.0467,0.5222,0.067,0.1554,neutral,0.5222,0,neutral
The Card Counter,2021,TELL,dialogue,65,123,0.2249134948096885,14,74,,0.9971,0.0027,0.0003,negative,0.9971,0.9314,0.0354,0.0027,0.0012,0.0203,0.0073,0.0017,anger,0.9314,-0.3818,negative
The Card Counter,2021,TELL,dialogue,66,125,0.2283737024221453,26,130,,0.9989,0.0009,0.0003,negative,0.9989,0.6919,0.0767,0.1322,0.0025,0.0733,0.0149,0.0086,anger,0.6919,0.3818,positive
The Card Counter,2021,TELL,dialogue,67,127,0.23183391,6,28,,0.001,0.9977,0.0013,neutral,0.9977,0.0857,0.0292,0.0114,0.0082,0.8415,0.0122,0.0118,neutral,0.8415,0,neutral
The Card Counter,2021,TELL,dialogue,68,128,0.2352941176470588,73,352,,0.0001,0.9986,0.0013,neutral,0.9986,0.0072,0.0089,0.0055,0.1046,0.8194,0.0408,0.0136,neutral,0.8194,0.8418,positive
The Card Counter,2021,TELL,dialogue,69,130,0.2387543252595155,1,5,,0.0008,0.9984,0.0008,neutral,0.9984,0.1221,0.0498,0.0389,0.0281,0.736,0.0084,0.0167,neutral,0.736,0,neutral
The Card Counter,2021,TELL,dialogue,70,131,0.2422145328719723,4,19,,0.0002,0.9993,0.0005,neutral,0.9993,0.0319,0.0196,0.0035,0.006,0.0713,0.0024,0.8653,surprise,0.8653,0.3612,positive
The Card Counter,2021,TELL,dialogue,71,132,0.24567474,16,85,,0.0004,0.9972,0.0024,neutral,0.9972,0.4051,0.1131,0.0059,0.0078,0.4548,0.008,0.0052,neutral,0.4548,-0.5574,negative
The Card Counter,2021,TELL,dialogue,72,133,0.2491349480968858,5,25,,0.9988,0.0007,0.0005,negative,0.9988,0.8442,0.09,0.0058,0.0027,0.0356,0.0137,0.008,anger,0.8442,-0.4019,negative
The Card Counter,2021,TELL,dialogue,73,135,0.2525951557093425,20,103,,0.9985,0.0012,0.0002,negative,0.9985,0.3033,0.0948,0.0783,0.0034,0.4567,0.0336,0.03,neutral,0.4567,-0.0572,negative
The Card Counter,2021,TELL,dialogue,74,137,0.2560553633217993,25,157,,0.0002,0.9981,0.0017,neutral,0.9981,0.017,0.0214,0.0096,0.0205,0.6699,0.0182,0.2433,neutral,0.6699,0.7096,positive
The Card Counter,2021,TELL,dialogue,75,139,0.259515571,3,16,,0.0002,0.9991,0.0006,neutral,0.9991,0.0133,0.004,0.0025,0.1443,0.1708,0.0032,0.662,surprise,0.662,0.3612,positive
The Card Counter,2021,TELL,dialogue,76,141,0.2629757785467128,6,30,,0.0003,0.0004,0.9993,positive,0.9993,0.0048,0.0074,0.0018,0.1045,0.8401,0.0051,0.0363,neutral,0.8401,0.6249,positive
The Card Counter,2021,TELL,voice_over,77,143,0.2664359861591695,40,191,,0.999,0.0007,0.0003,negative,0.999,0.7798,0.133,0.0114,0.0035,0.0272,0.0138,0.0313,anger,0.7798,-0.3542,negative
The Card Counter,2021,TELL,dialogue,78,145,0.2698961937716263,6,40,,0.0002,0.9991,0.0006,neutral,0.9991,0.0854,0.0356,0.0241,0.0055,0.323,0.0131,0.5134,surprise,0.5134,0,neutral
The Card Counter,2021,TELL,dialogue,79,147,0.273356401,5,22,,0.0003,0.9993,0.0004,neutral,0.9993,0.0419,0.0225,0.0093,0.005,0.3479,0.0102,0.5632,surprise,0.5632,-0.3612,negative
The Card Counter,2021,TELL,dialogue,80,149,0.2768166089965398,5,20,,0.0002,0.9992,0.0006,neutral,0.9992,0.0303,0.0058,0.0062,0.0124,0.1117,0.0037,0.8299,surprise,0.8299,0.0772,positive
The Card Counter,2021,TELL,dialogue,81,151,0.2802768166089965,4,22,,0.0002,0.9993,0.0005,neutral,0.9993,0.0284,0.0105,0.0037,0.0024,0.9256,0.0046,0.0249,neutral,0.9256,0.25,positive
The Card Counter,2021,TELL,dialogue,82,153,0.2837370242214533,13,78,,0.0002,0.9993,0.0005,neutral,0.9993,0.6772,0.1613,0.0111,0.0021,0.1295,0.008,0.0107,anger,0.6772,-0.2023,negative
The Card Counter,2021,TELL,voice_over,83,155,0.287197232,11,58,,0.0003,0.9986,0.0012,neutral,0.9986,0.0095,0.0185,0.0044,0.0051,0.9018,0.01,0.0507,neutral,0.9018,0,neutral
The Card Counter,2021,TELL,voice_over,84,156,0.2906574394463668,25,148,,0.0003,0.9985,0.0012,neutral,0.9985,0.0047,0.0152,0.0017,0.0034,0.9352,0.0056,0.0343,neutral,0.9352,0.2023,positive
The Card Counter,2021,TELL,dialogue,85,157,0.2941176470588235,58,330,,0.0005,0.998,0.0015,neutral,0.998,0.0161,0.0171,0.0029,0.0589,0.8867,0.0053,0.0131,neutral,0.8867,0.9505,positive
The Card Counter,2021,TELL,dialogue,86,158,0.2975778546712803,4,28,,0.463,0.535,0.002,neutral,0.535,0.1486,0.2739,0.0043,0.0069,0.5434,0.0053,0.0175,neutral,0.5434,0,neutral
The Card Counter,2021,TELL,dialogue,87,159,0.301038062,10,49,,0.9984,0.0009,0.0008,negative,0.9984,0.5391,0.2408,0.0273,0.0062,0.0884,0.0406,0.0577,anger,0.5391,-0.296,negative
The Card Counter,2021,TELL,dialogue,88,160,0.3044982698961938,58,323,,0.0001,0.9988,0.0011,neutral,0.9988,0.0052,0.0055,0.0022,0.012,0.921,0.0081,0.0461,neutral,0.921,0.7579,positive
The Card Counter,2021,TELL,voice_over,89,161,0.3079584775086505,30,151,,0.0007,0.9988,0.0005,neutral,0.9988,0.0984,0.0461,0.105,0.0037,0.6428,0.0321,0.072,neutral,0.6428,-0.1877,negative
The Card Counter,2021,TELL,dialogue,90,162,0.3114186851211072,52,280,,0.9715,0.028,0.0005,negative,0.9715,0.0124,0.9703,0.0019,0.0009,0.0096,0.0028,0.0021,disgust,0.9703,-0.2732,negative
The Card Counter,2021,TELL,dialogue,91,163,0.314878893,8,47,,0.0004,0.9991,0.0005,neutral,0.9991,0.1564,0.0882,0.2603,0.0076,0.3203,0.0916,0.0756,neutral,0.3203,-0.7757,negative
The Card Counter,2021,TELL,dialogue,92,166,0.3183391003460207,8,51,,0.0002,0.9992,0.0005,neutral,0.9992,0.0054,0.0298,0.0239,0.0037,0.6388,0.0777,0.2207,neutral,0.6388,-0.4585,negative
The Card Counter,2021,TELL,dialogue,93,167,0.3217993079584775,3,16,,0.0005,0.9976,0.0019,neutral,0.9976,0.0717,0.0536,0.0175,0.0986,0.7379,0.0134,0.0073,neutral,0.7379,0.296,positive
The Card Counter,2021,TELL,dialogue,94,168,0.3252595155709342,22,108,,0.0002,0.9989,0.0009,neutral,0.9989,0.0024,0.0034,0.0019,0.0473,0.9294,0.0044,0.0112,neutral,0.9294,0.3612,positive
The Card Counter,2021,TELL,dialogue,95,171,0.328719723,21,103,,0.0038,0.9025,0.0936,neutral,0.9025,0.0175,0.0039,0.0063,0.2849,0.3772,0.0237,0.2865,neutral,0.3772,0,neutral
The Card Counter,2021,TELL,dialogue,96,173,0.3321799307958477,11,58,,0.0002,0.9988,0.001,neutral,0.9988,0.0063,0.0046,0.0023,0.004,0.9477,0.0143,0.0209,neutral,0.9477,0.0772,positive
The Card Counter,2021,TELL,dialogue,97,175,0.3356401384083045,4,22,,0.0012,0.9983,0.0005,neutral,0.9983,0.2132,0.0389,0.0639,0.0268,0.5965,0.0472,0.0135,neutral,0.5965,-0.4019,negative
The Card Counter,2021,TELL,dialogue,98,176,0.3391003460207612,4,16,,0.0002,0.0002,0.9996,positive,0.9996,0.0048,0.0153,0.0015,0.3313,0.6259,0.0072,0.014,neutral,0.6259,0.4404,positive
The Card Counter,2021,TELL,dialogue,99,178,0.3425605536332179,18,70,,0.0003,0.9981,0.0016,neutral,0.9981,0.0037,0.0028,0.0087,0.007,0.9195,0.0094,0.049,neutral,0.9195,0.0772,positive
The Card Counter,2021,TELL,dialogue,100,180,0.3460207612456747,5,25,,0.0012,0.9965,0.0024,neutral,0.9965,0.026,0.0085,0.0349,0.0301,0.5432,0.021,0.3362,neutral,0.5432,0,neutral
The Card Counter,2021,TELL,dialogue,101,182,0.3494809688581315,10,44,,0.0122,0.9859,0.0019,neutral,0.9859,0.0198,0.0174,0.0115,0.0032,0.7975,0.0939,0.0567,neutral,0.7975,0.4019,positive
The Card Counter,2021,TELL,dialogue,102,184,0.3529411764705882,3,13,,0.0026,0.9819,0.0155,neutral,0.9819,0.0138,0.0051,0.0099,0.0471,0.9073,0.0044,0.0124,neutral,0.9073,0,neutral
The Card Counter,2021,TELL,dialogue,103,186,0.356401384,7,34,,0.0003,0.9991,0.0006,neutral,0.9991,0.0919,0.0681,0.0277,0.0021,0.6703,0.0997,0.0403,neutral,0.6703,0,neutral
The Card Counter,2021,TELL,dialogue,104,188,0.3598615916955017,2,5,,0.0005,0.9872,0.0122,neutral,0.9872,0.1017,0.0348,0.0432,0.0521,0.7183,0.0238,0.0263,neutral,0.7183,0,neutral
The Card Counter,2021,TELL,dialogue,105,190,0.3633217993079585,6,28,,0.9976,0.0016,0.0008,negative,0.9976,0.0324,0.0619,0.0145,0.0061,0.1766,0.6811,0.0275,sadness,0.6811,0,neutral
The Card Counter,2021,TELL,dialogue,106,192,0.3667820069204152,3,12,,0.0014,0.9974,0.0012,neutral,0.9974,0.021,0.0089,0.0094,0.0214,0.8591,0.031,0.0492,neutral,0.8591,0,neutral
The Card Counter,2021,TELL,dialogue,107,194,0.370242215,1,6,,0.0002,0.9992,0.0006,neutral,0.9992,0.0194,0.0117,0.0081,0.0163,0.3834,0.0043,0.5568,surprise,0.5568,0,neutral
The Card Counter,2021,TELL,dialogue,108,196,0.3737024221453287,7,29,,0.0002,0.9988,0.001,neutral,0.9988,0.0208,0.004,0.016,0.083,0.4031,0.0277,0.4455,surprise,0.4455,0,neutral
The Card Counter,2021,TELL,dialogue,109,198,0.3771626297577855,15,63,,0.632,0.3601,0.0079,negative,0.632,0.1282,0.1097,0.0309,0.009,0.5918,0.0987,0.0319,neutral,0.5918,0,neutral
The Card Counter,2021,TELL,dialogue,110,200,0.3806228373702422,1,8,,0.0362,0.935,0.0287,neutral,0.935,0.1013,0.016,0.0331,0.3239,0.4743,0.0051,0.0464,neutral,0.4743,0,neutral
The Card Counter,2021,TELL,dialogue,111,202,0.3840830449826989,31,147,,0.0009,0.9731,0.0261,neutral,0.9731,0.0543,0.0142,0.0141,0.1317,0.35,0.0159,0.4198,surprise,0.4198,0.9325,positive
The Card Counter,2021,TELL,dialogue,112,203,0.3875432525951557,37,224,,0.0002,0.9989,0.0008,neutral,0.9989,0.0048,0.0037,0.0042,0.1134,0.5262,0.0146,0.3331,neutral,0.5262,0.5994,positive
The Card Counter,2021,TELL,dialogue,113,204,0.3910034602076124,6,34,,0.0006,0.9982,0.0012,neutral,0.9982,0.0114,0.002,0.0048,0.0328,0.3763,0.0181,0.5546,surprise,0.5546,0,neutral
The Card Counter,2021,TELL,dialogue,114,206,0.3944636678200692,55,297,,0.0004,0.9985,0.0011,neutral,0.9985,0.1717,0.0338,0.0223,0.0394,0.5598,0.0344,0.1386,neutral,0.5598,0.4404,positive
The Card Counter,2021,TELL,dialogue,115,207,0.3979238754325259,94,503,,0.0016,0.9973,0.0011,neutral,0.9973,0.1537,0.0574,0.0121,0.1679,0.4416,0.0231,0.1441,neutral,0.4416,0.9222,positive
The Card Counter,2021,TELL,dialogue,116,209,0.4013840830449827,5,27,,0.0008,0.9987,0.0005,neutral,0.9987,0.0052,0.0117,0.0111,0.0221,0.4397,0.4023,0.1079,neutral,0.4397,0,neutral
The Card Counter,2021,TELL,dialogue,117,210,0.4048442906574394,35,174,,0.0003,0.9992,0.0006,neutral,0.9992,0.5388,0.1332,0.0238,0.0052,0.1202,0.0116,0.1671,anger,0.5388,0.5204,positive
The Card Counter,2021,TELL,dialogue,118,212,0.4083044982698962,7,34,,0.0002,0.9991,0.0007,neutral,0.9991,0.0646,0.0134,0.0111,0.0055,0.1008,0.0036,0.801,surprise,0.801,0,neutral
The Card Counter,2021,TELL,dialogue,119,214,0.4117647058823529,4,16,,0.0002,0.9992,0.0006,neutral,0.9992,0.0333,0.0041,0.0043,0.0393,0.1878,0.0025,0.7287,surprise,0.7287,0,neutral
The Card Counter,2021,TELL,dialogue,120,216,0.4152249134948096,6,33,,0.9991,0.0006,0.0003,negative,0.9991,0.0485,0.2012,0.0602,0.008,0.4095,0.246,0.0265,neutral,0.4095,-0.2572,negative
The Card Counter,2021,TELL,dialogue,121,218,0.4186851211072664,27,149,,0.0002,0.9991,0.0007,neutral,0.9991,0.0048,0.0033,0.0266,0.0351,0.8222,0.0164,0.0915,neutral,0.8222,0.4588,positive
The Card Counter,2021,TELL,dialogue,122,220,0.4221453287197231,21,110,,0.0002,0.9921,0.0077,neutral,0.9921,0.0462,0.011,0.0239,0.0076,0.7817,0.0076,0.122,neutral,0.7817,0,neutral
The Card Counter,2021,TELL,dialogue,123,222,0.4256055363321799,7,37,,0.0002,0.9992,0.0006,neutral,0.9992,0.0362,0.0173,0.0038,0.0056,0.2204,0.0043,0.7123,surprise,0.7123,0,neutral
The Card Counter,2021,TELL,dialogue,124,224,0.4290657439446367,3,12,,0.0006,0.999,0.0004,neutral,0.999,0.0448,0.0133,0.0042,0.0073,0.0483,0.0041,0.8781,surprise,0.8781,0,neutral
The Card Counter,2021,TELL,dialogue,125,226,0.4325259515570934,18,91,,0.0002,0.999,0.0008,neutral,0.999,0.0191,0.033,0.0084,0.0041,0.8928,0.0141,0.0284,neutral,0.8928,0.5661,positive
The Card Counter,2021,TELL,dialogue,126,228,0.4359861591695502,129,723,,0.9964,0.003,0.0007,negative,0.9964,0.0945,0.8752,0.0051,0.002,0.018,0.0035,0.0017,disgust,0.8752,-0.9814,negative
The Card Counter,2021,TELL,dialogue,127,242,0.4394463667820069,1,5,,0.9924,0.0036,0.004,negative,0.9924,0.1579,0.5034,0.0665,0.0039,0.1896,0.0705,0.0082,disgust,0.5034,0,neutral
The Card Counter,2021,TELL,dialogue,128,244,0.4429065743944637,6,30,,0.0007,0.9983,0.001,neutral,0.9983,0.0111,0.0058,0.0013,0.0016,0.9505,0.0044,0.0254,neutral,0.9505,0,neutral
The Card Counter,2021,TELL,voice_over,129,246,0.4463667820069204,58,318,,0.0005,0.9984,0.0011,neutral,0.9984,0.0179,0.0183,0.0031,0.0449,0.887,0.0071,0.0218,neutral,0.887,0.8717,positive
The Card Counter,2021,TELL,voice_over,130,247,0.4498269896193771,65,346,,0.0004,0.9983,0.0013,neutral,0.9983,0.0587,0.0206,0.018,0.0315,0.8034,0.0068,0.061,neutral,0.8034,0.6428,positive
The Card Counter,2021,TELL,dialogue,131,258,0.4532871972318339,6,37,,0.0004,0.9983,0.0013,neutral,0.9983,0.0027,0.0034,0.0015,0.0228,0.9268,0.0163,0.0265,neutral,0.9268,0,neutral
The Card Counter,2021,TELL,dialogue,132,260,0.4567474048442906,4,17,,0.0133,0.9859,0.0008,neutral,0.9859,0.0104,0.0787,0.0164,0.0026,0.8253,0.0304,0.0362,neutral,0.8253,0,neutral
The Card Counter,2021,TELL,dialogue,133,263,0.4602076124567474,20,100,,0.0005,0.9988,0.0006,neutral,0.9988,0.0183,0.0137,0.0044,0.0199,0.8858,0.0089,0.049,neutral,0.8858,0,neutral
The Card Counter,2021,TELL,dialogue,134,265,0.4636678200692041,2,10,,0.0003,0.9991,0.0007,neutral,0.9991,0.0288,0.0225,0.0073,0.0042,0.0376,0.0031,0.8966,surprise,0.8966,0.3612,positive
The Card Counter,2021,TELL,dialogue,135,271,0.4671280276816609,4,21,,0.0003,0.0003,0.9994,positive,0.9994,0.0018,0.0032,0.0008,0.9229,0.048,0.0085,0.0147,joy,0.9229,0.5106,positive
The Card Counter,2021,TELL,dialogue,136,273,0.4705882352941176,2,9,,0.0002,0.9992,0.0005,neutral,0.9992,0.1,0.0228,0.2076,0.0044,0.597,0.0266,0.0417,neutral,0.597,0,neutral
The Card Counter,2021,TELL,dialogue,137,275,0.4740484429065744,4,19,,0.005,0.0129,0.9821,positive,0.9821,0.0253,0.0073,0.0082,0.0549,0.8924,0.0046,0.0073,neutral,0.8924,0.5106,positive
The Card Counter,2021,TELL,dialogue,138,292,0.4775086505190311,6,22,,0.0003,0.999,0.0007,neutral,0.999,0.0445,0.0136,0.009,0.0478,0.8603,0.0071,0.0176,neutral,0.8603,0,neutral
The Card Counter,2021,TELL,dialogue,139,297,0.4809688581314879,2,10,,0.0003,0.9992,0.0005,neutral,0.9992,0.0327,0.0174,0.007,0.004,0.0381,0.0031,0.8977,surprise,0.8977,0,neutral
The Card Counter,2021,TELL,dialogue,140,299,0.4844290657439446,11,54,,0.0003,0.9988,0.0009,neutral,0.9988,0.0268,0.057,0.0023,0.0102,0.8737,0.0142,0.0158,neutral,0.8737,0,neutral
The Card Counter,2021,TELL,dialogue,141,301,0.4878892733564013,3,11,,0.0002,0.9986,0.0012,neutral,0.9986,0.0077,0.0232,0.005,0.0181,0.8732,0.0183,0.0545,neutral,0.8732,0,neutral
The Card Counter,2021,TELL,dialogue,142,303,0.4913494809688581,5,23,,0.0002,0.0004,0.9994,positive,0.9994,0.0017,0.0031,0.001,0.9251,0.0488,0.0044,0.016,joy,0.9251,0.3612,positive
The Card Counter,2021,TELL,dialogue,143,305,0.4948096885813148,13,52,,0.0007,0.998,0.0013,neutral,0.998,0.019,0.0182,0.0155,0.0059,0.4561,0.4469,0.0384,neutral,0.4561,0,neutral
The Card Counter,2021,TELL,dialogue,144,307,0.4982698961937716,21,114,,0.9988,0.0009,0.0002,negative,0.9988,0.0855,0.3292,0.09,0.0151,0.4381,0.0169,0.0252,neutral,0.4381,-0.2755,negative
The Card Counter,2021,TELL,dialogue,145,308,0.5017301038062284,10,52,,0.0002,0.9989,0.0009,neutral,0.9989,0.0044,0.0022,0.0024,0.0915,0.8529,0.0138,0.0327,neutral,0.8529,0,neutral
The Card Counter,2021,TELL,voice_over,146,310,0.5051903114186851,61,383,,0.0008,0.9985,0.0006,neutral,0.9985,0.1055,0.0559,0.0926,0.0039,0.7068,0.0135,0.0218,neutral,0.7068,0.2023,positive
The Card Counter,2021,TELL,voice_over,147,311,0.5086505190311419,26,201,,0.9977,0.0019,0.0004,negative,0.9977,0.1909,0.7316,0.0431,0.0011,0.0136,0.0178,0.0018,disgust,0.7316,-0.9349,negative
The Card Counter,2021,TELL,voice_over,148,312,0.5121107266435986,53,339,,0.0051,0.9942,0.0007,neutral,0.9942,0.0666,0.0928,0.0551,0.0058,0.7553,0.0083,0.0161,neutral,0.7553,-0.4019,negative
The Card Counter,2021,TELL,voice_over,149,313,0.5155709342560554,13,85,,0.0063,0.9922,0.0015,neutral,0.9922,0.0239,0.0447,0.0257,0.0064,0.8868,0.0047,0.0078,neutral,0.8868,0,neutral
The Card Counter,2021,TELL,voice_over,150,314,0.5190311418685121,21,118,,0.0912,0.9066,0.0022,neutral,0.9066,0.2735,0.55,0.0776,0.0031,0.0671,0.024,0.0048,disgust,0.55,0,neutral
The Card Counter,2021,TELL,voice_over,151,315,0.5224913494809689,7,46,,0.0002,0.9986,0.0012,neutral,0.9986,0.0029,0.0023,0.0025,0.3362,0.5261,0.0085,0.1216,neutral,0.5261,0,neutral
The Card Counter,2021,TELL,dialogue,152,317,0.5259515570934256,9,60,,0.0003,0.999,0.0007,neutral,0.999,0.0103,0.0034,0.0032,0.3261,0.4792,0.0482,0.1295,neutral,0.4792,0,neutral
The Card Counter,2021,TELL,dialogue,153,319,0.5294117647058824,4,18,,0.0003,0.999,0.0007,neutral,0.999,0.09,0.019,0.0203,0.0202,0.2567,0.0046,0.5893,surprise,0.5893,0.5423,positive
The Card Counter,2021,TELL,dialogue,154,321,0.532871972,24,144,,0.5895,0.4089,0.0016,negative,0.5895,0.04,0.0581,0.0907,0.0015,0.7328,0.0456,0.0313,neutral,0.7328,-0.7783,negative
The Card Counter,2021,TELL,dialogue,155,323,0.5363321799307958,10,46,,0.0002,0.9991,0.0006,neutral,0.9991,0.032,0.0081,0.0063,0.0062,0.9099,0.0219,0.0157,neutral,0.9099,0.4588,positive
The Card Counter,2021,TELL,dialogue,156,325,0.5397923875432526,1,3,,0.9983,0.0013,0.0004,negative,0.9983,0.1665,0.189,0.128,0.0106,0.4044,0.09,0.0114,neutral,0.4044,0,neutral
The Card Counter,2021,TELL,voice_over,157,327,0.5432525951557093,5,23,,0.0821,0.9165,0.0014,neutral,0.9165,0.166,0.0801,0.0849,0.0049,0.483,0.1152,0.066,neutral,0.483,0,neutral
The Card Counter,2021,TELL,dialogue,158,329,0.5467128027681661,2,9,,0.0007,0.9972,0.0021,neutral,0.9972,0.059,0.0521,0.0174,0.0345,0.8101,0.0127,0.0142,neutral,0.8101,0.4019,positive
The Card Counter,2021,TELL,dialogue,159,332,0.5501730103806228,4,29,,0.0004,0.9987,0.0009,neutral,0.9987,0.006,0.0115,0.0285,0.025,0.877,0.0178,0.0343,neutral,0.877,0,neutral
The Card Counter,2021,TELL,dialogue,160,334,0.5536332179930796,2,7,,0.9926,0.0068,0.0006,negative,0.9926,0.2045,0.2437,0.0738,0.0061,0.4063,0.0498,0.0157,neutral,0.4063,-0.296,negative
The Card Counter,2021,TELL,dialogue,161,336,0.5570934256055363,7,36,,0.002,0.9976,0.0004,neutral,0.9976,0.1427,0.0209,0.1706,0.0063,0.1086,0.0125,0.5384,surprise,0.5384,0,neutral
The Card Counter,2021,TELL,voice_over,162,341,0.5605536332179931,8,32,,0.004,0.9877,0.0084,neutral,0.9877,0.0551,0.0127,0.0115,0.0874,0.7711,0.0251,0.0371,neutral,0.7711,0,neutral
The Card Counter,2021,TELL,voice_over,163,342,0.5640138408304498,11,62,,0.0225,0.9767,0.0008,neutral,0.9767,0.0689,0.0575,0.0538,0.0042,0.4441,0.2036,0.1679,neutral,0.4441,0,neutral
The Card Counter,2021,TELL,voice_over,164,343,0.5674740484429066,15,99,,0.9972,0.0026,0.0002,negative,0.9972,0.4379,0.2893,0.0199,0.0014,0.2279,0.014,0.0096,anger,0.4379,-0.7022,negative
The Card Counter,2021,TELL,voice_over,165,344,0.5709342560553633,15,84,,0.0003,0.9989,0.0008,neutral,0.9989,0.0059,0.0051,0.0024,0.0162,0.5866,0.0511,0.3327,neutral,0.5866,0,neutral
The Card Counter,2021,TELL,voice_over,166,345,0.5743944636678201,11,70,,0.0344,0.9644,0.0012,neutral,0.9644,0.1719,0.089,0.0248,0.0025,0.6827,0.012,0.0172,neutral,0.6827,0,neutral
The Card Counter,2021,TELL,voice_over,167,346,0.5778546712802768,29,140,,0.0006,0.999,0.0004,neutral,0.999,0.0097,0.0075,0.0087,0.0028,0.0836,0.0328,0.855,surprise,0.855,-0.0258,neutral
The Card Counter,2021,TELL,dialogue,168,348,0.5813148788927336,13,58,,0.0017,0.9972,0.0011,neutral,0.9972,0.0094,0.0087,0.0082,0.0082,0.9085,0.0198,0.0372,neutral,0.9085,-0.2732,negative
The Card Counter,2021,TELL,dialogue,169,350,0.5847750865051903,37,216,,0.0005,0.9989,0.0006,neutral,0.9989,0.0191,0.0168,0.0017,0.0095,0.9298,0.0063,0.0167,neutral,0.9298,0.8316,positive
The Card Counter,2021,TELL,dialogue,170,352,0.5882352941176471,15,98,,0.0063,0.9905,0.0032,neutral,0.9905,0.0381,0.0492,0.0034,0.2577,0.5802,0.0112,0.0601,neutral,0.5802,0.7506,positive
The Card Counter,2021,TELL,dialogue,171,354,0.5916955017301038,12,60,,0.0003,0.9971,0.0026,neutral,0.9971,0.0048,0.0077,0.0178,0.0284,0.8612,0.0167,0.0635,neutral,0.8612,0,neutral
The Card Counter,2021,TELL,dialogue,172,355,0.5951557093425606,20,90,,0.0002,0.9979,0.002,neutral,0.9979,0.0018,0.0025,0.0047,0.1615,0.6978,0.0352,0.0964,neutral,0.6978,-0.2732,negative
The Card Counter,2021,TELL,dialogue,173,356,0.5986159169550173,51,252,,0.0002,0.9987,0.0011,neutral,0.9987,0.0036,0.0026,0.0022,0.1309,0.6877,0.0275,0.1454,neutral,0.6877,0.4329,positive
The Card Counter,2021,TELL,dialogue,174,358,0.6020761245674741,16,97,,0.0331,0.1219,0.845,positive,0.845,0.0114,0.0656,0.0077,0.171,0.6684,0.0207,0.0553,neutral,0.6684,0.8225,positive
The Card Counter,2021,TELL,dialogue,175,360,0.6055363321799307,13,62,,0.0002,0.9981,0.0017,neutral,0.9981,0.0129,0.0094,0.0079,0.0233,0.9307,0.0075,0.0084,neutral,0.9307,0,neutral
The Card Counter,2021,TELL,dialogue,176,362,0.6089965397923875,3,17,,0.0005,0.998,0.0016,neutral,0.998,0.0082,0.0051,0.0039,0.6877,0.2682,0.0069,0.0199,joy,0.6877,0.3182,positive
The Card Counter,2021,TELL,dialogue,177,364,0.6124567474048442,2,12,,0.0001,0.9991,0.0008,neutral,0.9991,0.025,0.0156,0.0038,0.0057,0.1557,0.0021,0.7919,surprise,0.7919,0,neutral
The Card Counter,2021,TELL,dialogue,178,366,0.615916955,5,20,,0.0069,0.9923,0.0008,neutral,0.9923,0.0227,0.007,0.0056,0.0064,0.9468,0.0051,0.0064,neutral,0.9468,0,neutral
The Card Counter,2021,TELL,dialogue,179,368,0.6193771626297578,2,13,,0.0002,0.9991,0.0008,neutral,0.9991,0.0946,0.0685,0.0186,0.0039,0.4455,0.0334,0.3354,neutral,0.4455,0,neutral
The Card Counter,2021,TELL,dialogue,180,371,0.6228373702422145,7,31,,0.0002,0.9992,0.0006,neutral,0.9992,0.0209,0.0148,0.0049,0.0056,0.115,0.0041,0.8347,surprise,0.8347,0,neutral
The Card Counter,2021,TELL,dialogue,181,373,0.6262975778546713,8,39,,0.9989,0.0007,0.0005,negative,0.9989,0.0128,0.5445,0.0664,0.0349,0.2584,0.047,0.036,disgust,0.5445,0.6249,positive
The Card Counter,2021,TELL,dialogue,182,375,0.629757785,1,5,,0.0004,0.9969,0.0028,neutral,0.9969,0.4704,0.1447,0.0194,0.0364,0.3079,0.0145,0.0066,anger,0.4704,0.2263,positive
The Card Counter,2021,TELL,dialogue,183,378,0.6332179930795848,6,31,,0.9988,0.001,0.0003,negative,0.9988,0.1062,0.8641,0.0062,0.0009,0.014,0.0075,0.001,disgust,0.8641,-0.5106,negative
The Card Counter,2021,TELL,dialogue,184,380,0.6366782006920415,6,28,,0.0002,0.999,0.0008,neutral,0.999,0.0482,0.022,0.0094,0.0061,0.3078,0.0063,0.6003,surprise,0.6003,0.5514,positive
The Card Counter,2021,TELL,dialogue,185,382,0.6401384083044983,22,105,,0.9989,0.0008,0.0003,negative,0.9989,0.4075,0.3059,0.0306,0.0024,0.1698,0.0723,0.0114,anger,0.4075,-0.5574,negative
The Card Counter,2021,TELL,dialogue,186,385,0.643598616,19,105,,0.0002,0.9985,0.0013,neutral,0.9985,0.002,0.002,0.002,0.3788,0.5327,0.0143,0.0682,neutral,0.5327,0.2732,positive
The Card Counter,2021,TELL,dialogue,187,387,0.6470588235294118,1,5,,0.0006,0.9917,0.0077,neutral,0.9917,0.0409,0.1536,0.0101,0.0282,0.7186,0.0335,0.0152,neutral,0.7186,0.296,positive
The Card Counter,2021,TELL,dialogue,188,389,0.6505190311418685,27,130,,0.9937,0.006,0.0003,negative,0.9937,0.2021,0.0516,0.1583,0.0044,0.2519,0.2193,0.1124,neutral,0.2519,-0.631,negative
The Card Counter,2021,TELL,dialogue,189,391,0.6539792387543253,7,39,,0.0004,0.999,0.0006,neutral,0.999,0.0137,0.0134,0.0079,0.0083,0.4434,0.0694,0.4439,surprise,0.4439,0,neutral
The Card Counter,2021,TELL,dialogue,190,393,0.657439446,1,9,,0.9987,0.0007,0.0006,negative,0.9987,0.5471,0.4236,0.0016,0.0013,0.0181,0.0064,0.0019,anger,0.5471,-0.5859,negative
The Card Counter,2021,TELL,dialogue,191,395,0.6608996539792388,3,17,,0.0002,0.9991,0.0007,neutral,0.9991,0.0279,0.0182,0.0096,0.0088,0.4887,0.0083,0.4384,neutral,0.4887,0,neutral
The Card Counter,2021,TELL,dialogue,192,397,0.6643598615916955,10,47,,0.001,0.9986,0.0004,neutral,0.9986,0.0148,0.0039,0.0024,0.0096,0.0506,0.0032,0.9155,surprise,0.9155,0.1179,positive
The Card Counter,2021,TELL,dialogue,193,398,0.6678200692041523,26,133,,0.9991,0.0006,0.0003,negative,0.9991,0.1394,0.8077,0.0238,0.0007,0.0079,0.0189,0.0016,disgust,0.8077,-0.91,negative
The Card Counter,2021,TELL,dialogue,194,400,0.671280277,15,75,,0.9682,0.0205,0.0112,negative,0.9682,0.4388,0.2842,0.0138,0.073,0.1529,0.021,0.0163,anger,0.4388,0,neutral
The Card Counter,2021,TELL,dialogue,195,402,0.6747404844290658,7,34,,0.0007,0.999,0.0003,neutral,0.999,0.0299,0.0564,0.0079,0.0017,0.3151,0.0083,0.5807,surprise,0.5807,0,neutral
The Card Counter,2021,TELL,dialogue,196,404,0.6782006920415224,11,69,,0.0002,0.9989,0.0009,neutral,0.9989,0.0114,0.0263,0.003,0.0028,0.9363,0.0046,0.0155,neutral,0.9363,0,neutral
The Card Counter,2021,TELL,dialogue,197,406,0.6816608996539792,63,391,,0.9458,0.0536,0.0006,negative,0.9458,0.2271,0.168,0.0288,0.0033,0.5528,0.0124,0.0076,neutral,0.5528,-0.6249,negative
The Card Counter,2021,TELL,dialogue,198,408,0.6851211072664359,21,93,,0.0002,0.999,0.0008,neutral,0.999,0.5415,0.0304,0.0175,0.0319,0.3096,0.0062,0.0628,anger,0.5415,0,neutral
The Card Counter,2021,TELL,voice_over,199,412,0.6885813148788927,31,174,,0.0005,0.999,0.0005,neutral,0.999,0.0136,0.037,0.0041,0.0014,0.9298,0.0046,0.0096,neutral,0.9298,0.6682,positive
The Card Counter,2021,TELL,voice_over,200,419,0.6920415224913494,48,270,,0.0004,0.998,0.0016,neutral,0.998,0.0179,0.0626,0.0134,0.0107,0.8556,0.0246,0.0153,neutral,0.8556,0.7684,positive
The Card Counter,2021,TELL,dialogue,201,420,0.6955017301038062,2,13,,0.0002,0.9993,0.0005,neutral,0.9993,0.0781,0.0679,0.0451,0.0037,0.2356,0.3627,0.2068,sadness,0.3627,0,neutral
The Card Counter,2021,TELL,dialogue,202,422,0.698961938,12,67,,0.0003,0.9992,0.0005,neutral,0.9992,0.2821,0.128,0.0293,0.0028,0.4801,0.0598,0.018,neutral,0.4801,0.2584,positive
The Card Counter,2021,TELL,dialogue,203,424,0.7024221453287197,1,6,,0.0007,0.9983,0.001,neutral,0.9983,0.0091,0.0242,0.0312,0.0097,0.2925,0.6073,0.0261,sadness,0.6073,-0.3612,negative
The Card Counter,2021,TELL,dialogue,204,426,0.7058823529411765,10,47,,0.0002,0.999,0.0007,neutral,0.999,0.0276,0.3812,0.0036,0.004,0.5088,0.0046,0.0702,neutral,0.5088,0,neutral
The Card Counter,2021,TELL,dialogue,205,428,0.7093425605536332,4,25,,0.9912,0.0084,0.0003,negative,0.9912,0.1725,0.2234,0.1395,0.0034,0.1784,0.0506,0.2321,surprise,0.2321,-0.4767,negative
The Card Counter,2021,TELL,dialogue,206,430,0.712802768,5,17,,0.0002,0.9991,0.0006,neutral,0.9991,0.5366,0.0526,0.1192,0.0174,0.0845,0.045,0.1447,anger,0.5366,0,neutral
The Card Counter,2021,TELL,dialogue,207,433,0.7162629757785467,8,37,,0.002,0.9975,0.0006,neutral,0.9975,0.004,0.0019,0.0039,0.0135,0.0404,0.8901,0.0462,sadness,0.8901,0.4019,positive
The Card Counter,2021,TELL,dialogue,208,435,0.7197231833910035,1,3,,0.9983,0.0013,0.0004,negative,0.9983,0.1665,0.189,0.128,0.0106,0.4044,0.09,0.0114,neutral,0.4044,0,neutral
The Card Counter,2021,TELL,dialogue,209,437,0.7231833910034602,58,290,,0.9546,0.0447,0.0007,negative,0.9546,0.4057,0.1051,0.02,0.017,0.3464,0.0599,0.046,anger,0.4057,0.5789,positive
The Card Counter,2021,TELL,dialogue,210,439,0.726643599,2,11,,0.0003,0.9976,0.0021,neutral,0.9976,0.0454,0.1211,0.0146,0.0222,0.75,0.0328,0.014,neutral,0.75,0.5106,positive
The Card Counter,2021,TELL,dialogue,211,441,0.7301038062283737,7,30,,0.0011,0.9979,0.001,neutral,0.9979,0.1343,0.0543,0.0129,0.0018,0.7579,0.0112,0.0275,neutral,0.7579,0,neutral
The Card Counter,2021,TELL,dialogue,212,443,0.7335640138408305,2,9,,0.0036,0.9951,0.0013,neutral,0.9951,0.0262,0.0408,0.0196,0.0079,0.5702,0.3055,0.0298,neutral,0.5702,-0.296,negative
The Card Counter,2021,TELL,voice_over,213,445,0.7370242214532872,30,136,,0.0003,0.999,0.0007,neutral,0.999,0.0908,0.0826,0.5097,0.0029,0.0925,0.0105,0.2109,fear,0.5097,-0.3204,negative
The Card Counter,2021,TELL,dialogue,214,446,0.740484429,2,13,,0.0002,0.9991,0.0008,neutral,0.9991,0.0946,0.0685,0.0186,0.0039,0.4455,0.0334,0.3354,neutral,0.4455,0,neutral
The Card Counter,2021,TELL,dialogue,215,449,0.7439446366782007,3,15,,0.0002,0.999,0.0008,neutral,0.999,0.1108,0.0868,0.0205,0.0035,0.3295,0.038,0.411,surprise,0.411,0,neutral
The Card Counter,2021,TELL,dialogue,216,451,0.7474048442906575,3,13,,0.0003,0.9991,0.0006,neutral,0.9991,0.0129,0.0042,0.0163,0.0033,0.8747,0.0079,0.0807,neutral,0.8747,0,neutral
The Card Counter,2021,TELL,dialogue,217,453,0.7508650519031141,3,19,,0.1711,0.8234,0.0055,neutral,0.8234,0.0811,0.2296,0.2246,0.0039,0.2192,0.198,0.0437,disgust,0.2296,-0.1027,negative
The Card Counter,2021,TELL,dialogue,218,455,0.75432526,5,25,,0.0005,0.9987,0.0008,neutral,0.9987,0.0158,0.0792,0.0057,0.0014,0.8662,0.0195,0.0122,neutral,0.8662,0,neutral
The Card Counter,2021,TELL,dialogue,219,458,0.7577854671280276,4,20,,0.0003,0.9991,0.0006,neutral,0.9991,0.3216,0.0749,0.1079,0.0055,0.1102,0.0881,0.2918,anger,0.3216,0,neutral
The Card Counter,2021,TELL,dialogue,220,460,0.7612456747404844,4,19,,0.7599,0.2383,0.0018,negative,0.7599,0.012,0.0388,0.0248,0.0047,0.427,0.0916,0.4011,neutral,0.427,0,neutral
The Card Counter,2021,TELL,dialogue,221,462,0.7647058823529411,3,12,,0.0005,0.9985,0.001,neutral,0.9985,0.0174,0.2217,0.1613,0.0082,0.5323,0.0222,0.037,neutral,0.5323,0,neutral
The Card Counter,2021,TELL,dialogue,222,463,0.7681660899653979,5,19,,0.0002,0.9989,0.0009,neutral,0.9989,0.0342,0.0126,0.0044,0.168,0.6292,0.0068,0.1448,neutral,0.6292,0.3612,positive
The Card Counter,2021,TELL,dialogue,223,465,0.7716262975778547,7,30,,0.0003,0.0009,0.9989,positive,0.9989,0.035,0.0107,0.02,0.1034,0.7947,0.0189,0.0173,neutral,0.7947,0,neutral
The Card Counter,2021,TELL,dialogue,224,467,0.7750865051903114,2,9,,0.0005,0.999,0.0005,neutral,0.999,0.0245,0.0179,0.0091,0.0038,0.0255,0.0028,0.9162,surprise,0.9162,0,neutral
The Card Counter,2021,TELL,dialogue,225,469,0.7785467128027682,13,74,,0.0002,0.9989,0.0009,neutral,0.9989,0.036,0.0176,0.0037,0.0219,0.8868,0.0111,0.023,neutral,0.8868,0,neutral
The Card Counter,2021,TELL,dialogue,226,470,0.7820069204152249,5,26,,0.0002,0.9992,0.0006,neutral,0.9992,0.0177,0.0185,0.005,0.0015,0.8335,0.0076,0.1162,neutral,0.8335,0,neutral
The Card Counter,2021,TELL,dialogue,227,472,0.7854671280276817,2,19,,0.0004,0.9984,0.0012,neutral,0.9984,0.0034,0.0021,0.0031,0.0161,0.8533,0.0253,0.0968,neutral,0.8533,0,neutral
The Card Counter,2021,TELL,dialogue,228,474,0.7889273356401384,6,23,,0.0005,0.9984,0.0011,neutral,0.9984,0.0373,0.0532,0.0117,0.0043,0.6913,0.1671,0.0352,neutral,0.6913,0,neutral
The Card Counter,2021,TELL,dialogue,229,476,0.7923875432525952,1,5,,0.0044,0.9951,0.0005,neutral,0.9951,0.0153,0.0147,0.0077,0.0047,0.0198,0.0025,0.9353,surprise,0.9353,0,neutral
The Card Counter,2021,TELL,dialogue,230,478,0.7958477508650519,4,18,,0.0009,0.9965,0.0026,neutral,0.9965,0.1124,0.0618,0.0457,0.028,0.6489,0.0872,0.0159,neutral,0.6489,0,neutral
The Card Counter,2021,TELL,dialogue,231,480,0.7993079584775087,4,20,,0.0008,0.999,0.0003,neutral,0.999,0.0127,0.0112,0.0093,0.0065,0.0649,0.764,0.1314,sadness,0.764,0,neutral
The Card Counter,2021,TELL,dialogue,232,481,0.8027681660899654,7,32,,0.0002,0.9989,0.0009,neutral,0.9989,0.0288,0.0107,0.0128,0.0087,0.6473,0.1849,0.1068,neutral,0.6473,0,neutral
The Card Counter,2021,TELL,dialogue,233,483,0.8062283737024222,19,90,,0.0002,0.9982,0.0017,neutral,0.9982,0.0118,0.0074,0.0156,0.2685,0.643,0.0121,0.0416,neutral,0.643,0.0772,positive
The Card Counter,2021,TELL,dialogue,234,484,0.8096885813148789,2,10,,0.0008,0.9961,0.0031,neutral,0.9961,0.0358,0.0042,0.008,0.0427,0.893,0.0046,0.0118,neutral,0.893,0,neutral
The Card Counter,2021,TELL,dialogue,235,486,0.8131487889273357,2,9,,0.0025,0.9954,0.002,neutral,0.9954,0.158,0.0536,0.0122,0.0122,0.7547,0.007,0.0023,neutral,0.7547,0,neutral
The Card Counter,2021,TELL,dialogue,236,487,0.8166089965397924,4,25,,0.0003,0.999,0.0007,neutral,0.999,0.0302,0.0106,0.0077,0.0037,0.8772,0.0094,0.0612,neutral,0.8772,0,neutral
The Card Counter,2021,TELL,dialogue,237,489,0.8200692041522492,15,68,,0.0003,0.999,0.0007,neutral,0.999,0.021,0.0309,0.0092,0.0032,0.913,0.008,0.0148,neutral,0.913,0,neutral
The Card Counter,2021,TELL,dialogue,238,490,0.8235294117647058,32,180,,0.0015,0.9982,0.0003,neutral,0.9982,0.5957,0.1222,0.1064,0.0054,0.0677,0.0968,0.0059,anger,0.5957,0.7389,positive
The Card Counter,2021,TELL,dialogue,239,492,0.8269896193771626,10,51,,0.9883,0.0109,0.0009,negative,0.9883,0.159,0.5079,0.2265,0.0024,0.0383,0.0421,0.0238,disgust,0.5079,-0.5994,negative
The Card Counter,2021,TELL,dialogue,240,494,0.8304498269896193,16,83,,0.0022,0.9975,0.0003,neutral,0.9975,0.3357,0.0269,0.015,0.0336,0.5143,0.0135,0.0608,neutral,0.5143,0.7327,positive
The Card Counter,2021,TELL,dialogue,241,495,0.8339100346020761,9,41,,0.0002,0.9991,0.0007,neutral,0.9991,0.2259,0.0237,0.0313,0.0136,0.5031,0.0334,0.1691,neutral,0.5031,0,neutral
The Card Counter,2021,TELL,dialogue,242,497,0.8373702422145328,24,118,,0.0273,0.9708,0.0019,neutral,0.9708,0.089,0.0534,0.5387,0.0089,0.2838,0.0113,0.015,fear,0.5387,-0.5729,negative
The Card Counter,2021,TELL,dialogue,243,498,0.8408304498269896,7,32,,0.0002,0.9971,0.0027,neutral,0.9971,0.0105,0.0176,0.0027,0.0395,0.9214,0.004,0.0042,neutral,0.9214,0.4404,positive
The Card Counter,2021,TELL,dialogue,244,499,0.8442906574394463,56,315,,0.0016,0.998,0.0004,neutral,0.998,0.2978,0.1973,0.0443,0.0045,0.374,0.0625,0.0196,neutral,0.374,-0.6249,negative
The Card Counter,2021,TELL,dialogue,245,500,0.8477508650519031,20,130,,0.0005,0.999,0.0005,neutral,0.999,0.0136,0.0112,0.0145,0.0121,0.8707,0.0206,0.0573,neutral,0.8707,0,neutral
The Card Counter,2021,TELL,dialogue,246,501,0.8512110726643599,31,174,,0.1732,0.825,0.0017,neutral,0.825,0.0195,0.0142,0.0115,0.0186,0.6948,0.1347,0.1068,neutral,0.6948,0.25,positive
The Card Counter,2021,TELL,dialogue,247,502,0.8546712802768166,29,149,,0.0005,0.9981,0.0014,neutral,0.9981,0.0481,0.0206,0.0033,0.1592,0.7404,0.0062,0.0222,neutral,0.7404,0.8519,positive
The Card Counter,2021,TELL,dialogue,248,504,0.8581314878892734,63,315,,0.0005,0.9991,0.0004,neutral,0.9991,0.0134,0.0071,0.0041,0.0161,0.9314,0.0183,0.0097,neutral,0.9314,0.1779,positive
The Card Counter,2021,TELL,dialogue,249,506,0.8615916955017301,24,115,,0.999,0.0008,0.0002,negative,0.999,0.6878,0.0497,0.1294,0.0037,0.0953,0.0256,0.0086,anger,0.6878,-0.7115,negative
The Card Counter,2021,TELL,dialogue,250,507,0.8650519031141869,20,108,,0.998,0.0018,0.0002,negative,0.998,0.4364,0.1821,0.0118,0.014,0.3197,0.0128,0.0232,anger,0.4364,0.1002,positive
The Card Counter,2021,TELL,dialogue,251,509,0.8685121107266436,5,18,,0.0002,0.9992,0.0007,neutral,0.9992,0.0475,0.0053,0.0122,0.0246,0.6829,0.0064,0.2211,neutral,0.6829,0,neutral
The Card Counter,2021,TELL,dialogue,252,511,0.8719723183391004,6,28,,0.0003,0.9981,0.0016,neutral,0.9981,0.0473,0.0536,0.0072,0.0213,0.852,0.0128,0.0059,neutral,0.852,0.2263,positive
The Card Counter,2021,TELL,dialogue,253,513,0.8754325259515571,2,10,,0.0005,0.9987,0.0008,neutral,0.9987,0.0133,0.0111,0.0248,0.0621,0.7586,0.0186,0.1114,neutral,0.7586,0,neutral
The Card Counter,2021,TELL,dialogue,254,515,0.8788927335640139,1,5,,0.0006,0.9917,0.0077,neutral,0.9917,0.0409,0.1536,0.0101,0.0282,0.7186,0.0335,0.0152,neutral,0.7186,0.296,positive
The Card Counter,2021,TELL,dialogue,255,517,0.8823529411764706,6,24,,0.0026,0.9947,0.0027,neutral,0.9947,0.0096,0.0092,0.005,0.2067,0.5014,0.2441,0.0239,neutral,0.5014,0,neutral
The Card Counter,2021,TELL,dialogue,256,519,0.8858131487889274,9,54,,0.0002,0.9984,0.0014,neutral,0.9984,0.042,0.0139,0.0076,0.0459,0.8655,0.0085,0.0166,neutral,0.8655,0,neutral
The Card Counter,2021,TELL,dialogue,257,521,0.889273356,11,55,,0.9952,0.004,0.0008,negative,0.9952,0.0033,0.002,0.0056,0.0048,0.0237,0.9284,0.0321,sadness,0.9284,-0.2924,negative
The Card Counter,2021,TELL,dialogue,258,523,0.8927335640138409,4,18,,0.003,0.9955,0.0015,neutral,0.9955,0.0713,0.0175,0.0119,0.029,0.1345,0.0045,0.7312,surprise,0.7312,0,neutral
The Card Counter,2021,TELL,dialogue,259,525,0.8961937716262975,18,85,,0.0203,0.9597,0.02,neutral,0.9597,0.3464,0.428,0.0088,0.008,0.1785,0.0225,0.0078,disgust,0.428,0.3182,positive
The Card Counter,2021,TELL,dialogue,260,527,0.8996539792387543,15,79,,0.0107,0.9832,0.0061,neutral,0.9832,0.1867,0.1095,0.0569,0.0867,0.4523,0.0982,0.0097,neutral,0.4523,0.3612,positive
The Card Counter,2021,TELL,dialogue,261,528,0.903114187,7,30,,0.0002,0.9988,0.001,neutral,0.9988,0.0045,0.0039,0.0063,0.0069,0.516,0.0091,0.4534,neutral,0.516,0,neutral
The Card Counter,2021,TELL,dialogue,262,530,0.9065743944636678,3,10,,0.0002,0.9978,0.002,neutral,0.9978,0.0114,0.0086,0.0053,0.0278,0.9309,0.0066,0.0094,neutral,0.9309,0.4019,positive
The Card Counter,2021,TELL,dialogue,263,532,0.9100346020761244,4,18,,0.0178,0.9732,0.009,neutral,0.9732,0.0085,0.0178,0.0061,0.0051,0.7614,0.1493,0.0517,neutral,0.7614,0,neutral
The Card Counter,2021,TELL,dialogue,264,534,0.9134948096885812,2,13,,0.0004,0.9973,0.0023,neutral,0.9973,0.4521,0.1434,0.0185,0.0484,0.3149,0.014,0.0087,anger,0.4521,0.4215,positive
The Card Counter,2021,TELL,voice_over,265,535,0.916955017,23,130,,0.012,0.9872,0.0008,neutral,0.9872,0.2424,0.2768,0.0096,0.084,0.2062,0.1747,0.0063,disgust,0.2768,0.5859,positive
The Card Counter,2021,TELL,dialogue,266,537,0.9204152249134948,4,19,,0.0006,0.9979,0.0015,neutral,0.9979,0.1188,0.1436,0.0081,0.1664,0.193,0.0104,0.3598,surprise,0.3598,0,neutral
The Card Counter,2021,TELL,dialogue,267,538,0.9238754325259516,2,10,,0.0014,0.9966,0.002,neutral,0.9966,0.0029,0.0033,0.0071,0.5793,0.3441,0.0167,0.0466,joy,0.5793,0,neutral
The Card Counter,2021,TELL,dialogue,268,539,0.9273356401384084,11,62,,0.0003,0.9988,0.001,neutral,0.9988,0.0098,0.0067,0.0025,0.0082,0.8811,0.0123,0.0794,neutral,0.8811,0,neutral
The Card Counter,2021,TELL,dialogue,269,549,0.9307958477508652,27,134,,0.0009,0.9985,0.0006,neutral,0.9985,0.0093,0.0217,0.0053,0.0071,0.8042,0.1185,0.0339,neutral,0.8042,0.3612,positive
The Card Counter,2021,TELL,dialogue,270,551,0.9342560553633218,1,6,,0.0003,0.999,0.0007,neutral,0.999,0.0094,0.0029,0.0026,0.0365,0.0286,0.0038,0.9163,surprise,0.9163,0.3818,positive
The Card Counter,2021,TELL,dialogue,271,553,0.9377162629757786,4,17,,0.0002,0.9991,0.0007,neutral,0.9991,0.1954,0.189,0.1076,0.0239,0.1891,0.1603,0.1347,anger,0.1954,0.3612,positive
The Card Counter,2021,TELL,dialogue,272,556,0.9411764705882352,18,92,,0.0014,0.9981,0.0005,neutral,0.9981,0.0043,0.0056,0.0014,0.0068,0.9389,0.0196,0.0235,neutral,0.9389,-0.1867,negative
The Card Counter,2021,TELL,dialogue,273,557,0.944636678,8,40,,0.0003,0.9983,0.0014,neutral,0.9983,0.008,0.0034,0.0037,0.0179,0.9266,0.0188,0.0217,neutral,0.9266,0,neutral
The Card Counter,2021,TELL,dialogue,274,561,0.9480968858131488,9,46,,0.0008,0.9987,0.0005,neutral,0.9987,0.01,0.0142,0.0076,0.0246,0.4121,0.4807,0.0507,sadness,0.4807,0.4019,positive
The Card Counter,2021,TELL,dialogue,275,565,0.9515570934256056,3,14,,0.0003,0.9969,0.0028,neutral,0.9969,0.0076,0.0067,0.005,0.0163,0.9295,0.0144,0.0205,neutral,0.9295,0,neutral
The Card Counter,2021,TELL,dialogue,276,568,0.9550173010380624,3,16,,0.9943,0.0051,0.0006,negative,0.9943,0.0637,0.0391,0.0212,0.0041,0.5039,0.2008,0.1672,neutral,0.5039,0,neutral
The Card Counter,2021,TELL,dialogue,277,569,0.9584775086505192,6,32,,0.9988,0.0008,0.0004,negative,0.9988,0.8636,0.0804,0.0055,0.0026,0.0376,0.0084,0.0019,anger,0.8636,0.4168,positive
The Card Counter,2021,TELL,dialogue,278,570,0.9619377162629758,4,19,,0.0002,0.9991,0.0007,neutral,0.9991,0.0819,0.0214,0.0536,0.0083,0.1859,0.0161,0.6328,surprise,0.6328,0,neutral
The Card Counter,2021,TELL,dialogue,279,572,0.9653979238754326,4,20,,0.0022,0.9971,0.0007,neutral,0.9971,0.0655,0.3984,0.1136,0.0028,0.3246,0.0741,0.021,disgust,0.3984,0,neutral
The Card Counter,2021,TELL,dialogue,280,574,0.9688581314878892,5,23,,0.0004,0.9988,0.0008,neutral,0.9988,0.0054,0.007,0.0104,0.0452,0.7787,0.0717,0.0816,neutral,0.7787,0,neutral
The Card Counter,2021,TELL,dialogue,281,576,0.972318339,10,44,,0.9988,0.001,0.0002,negative,0.9988,0.1252,0.0179,0.754,0.0018,0.05,0.0127,0.0384,fear,0.754,-0.6908,negative
The Card Counter,2021,TELL,dialogue,282,578,0.9757785467128028,14,77,,0.0002,0.9991,0.0006,neutral,0.9991,0.087,0.0267,0.0112,0.0174,0.7601,0.0155,0.0819,neutral,0.7601,0.3612,positive
The Card Counter,2021,TELL,dialogue,283,580,0.9792387543252596,3,16,,0.9839,0.0154,0.0007,negative,0.9839,0.1691,0.1997,0.1279,0.0036,0.0924,0.2741,0.1333,sadness,0.2741,0,neutral
The Card Counter,2021,TELL,dialogue,284,582,0.9826989619377162,31,151,,0.0006,0.9979,0.0014,neutral,0.9979,0.0287,0.0172,0.0385,0.0641,0.8246,0.0068,0.0201,neutral,0.8246,0,neutral
The Card Counter,2021,TELL,dialogue,285,583,0.98615917,15,87,,0.9877,0.0117,0.0007,negative,0.9877,0.5833,0.0168,0.3226,0.0039,0.0396,0.0139,0.0199,anger,0.5833,0.2263,positive
The Card Counter,2021,TELL,dialogue,286,585,0.9896193771626296,2,10,,0.9159,0.0833,0.0008,negative,0.9159,0.2859,0.0396,0.1058,0.0122,0.5276,0.0109,0.018,neutral,0.5276,0,neutral
The Card Counter,2021,TELL,dialogue,287,588,0.9930795847750864,2,19,,0.0003,0.9991,0.0006,neutral,0.9991,0.0708,0.0206,0.2892,0.0036,0.3884,0.0311,0.1964,neutral,0.3884,-0.3818,negative
The Card Counter,2021,TELL,dialogue,288,590,0.9965397923875432,6,30,,0.0855,0.9115,0.003,neutral,0.9115,0.1047,0.2735,0.1363,0.0032,0.0471,0.4186,0.0164,sadness,0.4186,0.3612,positive
The Card Counter,2021,TELL,voice_over,289,591,1,13,73,,0.0211,0.9781,0.0008,neutral,0.9781,0.0226,0.039,0.1903,0.0053,0.0239,0.0284,0.6904,surprise,0.6904,0,neutral
